2839.25341797, 3479.0078125, 54.5590171814, 1.18242800236, 2.5, 0, 2.5, 0
2839.25341797, 3479.0078125, 54.558555603, 1.18242800236, 2.5, 0, 2.5, 0
2839.25341797, 3479.0078125, 54.5593070984, 1.18242800236, 2.5, 0, 2.5, 0
2839.25341797, 3479.0078125, 54.5600509644, 1.18242800236, 2.5, 0, 2.5, 0
2839.25341797, 3479.0078125, 54.5605926514, 1.18242800236, 2.5, 0, 2.5, 0
2839.25341797, 3479.0078125, 54.5607948303, 1.18242800236, 2.5, 0, 2.5, 0
2839.25341797, 3479.0078125, 54.5607948303, 1.18242800236, 2.5, 0, 2.5, 0
2839.25341797, 3479.0078125, 54.5607948303, 1.18242800236, 2.5, 0, 2.5, 0
2839.25341797, 3479.0078125, 54.5607948303, 1.18242800236, 2.5, 0, 2.5, 0
2839.25341797, 3479.0078125, 54.5607948303, 1.18242800236, 2.5, 0, 2.5, 0
2839.25341797, 3479.0078125, 54.5607948303, 1.18242800236, 2.5, 0, 2.5, 0
2839.25341797, 3479.0078125, 54.5607948303, 1.18242800236, 2.5, 0, 2.5, 0
2839.25341797, 3479.0078125, 54.5607948303, 1.18242800236, 2.5, 0, 2.5, 0
2839.25341797, 3479.0078125, 54.5607948303, 1.18242800236, 2.5, 0, 2.5, 0
2839.25341797, 3479.0078125, 54.5607948303, 1.18242800236, 2.5, 0, 2.5, 0
2839.25341797, 3479.0078125, 54.5607948303, 1.18242800236, 2.5, 0, 2.5, 0
2839.25341797, 3479.0078125, 54.5607948303, 1.18242800236, 2.5, 0, 2.5, 0
2839.25341797, 3479.0078125, 54.5607948303, 1.18242800236, 2.5, 0, 2.5, 0
2839.25341797, 3479.0078125, 54.5607948303, 1.18242800236, 2.5, 0, 2.5, 0
2839.25341797, 3479.0078125, 54.5607948303, 1.18242800236, 2.5, 0, 2.5, 0
2839.25341797, 3479.0078125, 54.5607948303, 1.18242800236, 2.5, 0, 2.5, 0
2839.25341797, 3479.0078125, 54.5607948303, 1.18242800236, 2.5, 0, 2.5, 0
2839.25341797, 3479.0078125, 54.5607948303, 1.18242800236, 2.5, 0, 2.5, 0
2839.25341797, 3479.0078125, 54.5607948303, 1.18242800236, 2.5, 0, 2.5, 0
2839.25341797, 3479.0078125, 54.5607948303, 1.18242800236, 2.5, 0, 2.5, 0
2839.25341797, 3479.0078125, 54.5607948303, 1.18242800236, 2.5, 0, 2.5, 0
2839.25341797, 3479.0078125, 54.5607948303, 1.18242800236, 2.5, 0, 2.5, 0
2839.25341797, 3479.0078125, 54.5607948303, 1.18242800236, 2.5, 0, 2.5, 0
2839.25341797, 3479.0078125, 54.5607948303, 1.18242800236, 2.5, 0, 2.5, 0
2839.25341797, 3479.0078125, 54.5607948303, 1.18242800236, 2.5, 0, 2.5, 0
2839.25341797, 3479.0078125, 54.5607948303, 1.18242800236, 2.5, 0, 2.5, 0
2839.25341797, 3479.0078125, 54.5607948303, 1.18242800236, 2.5, 0, 2.5, 0
2839.25341797, 3479.0078125, 54.5607948303, 1.18242800236, 2.5, 0, 2.5, 0
2839.25341797, 3479.0078125, 54.5607948303, 1.18242800236, 2.5, 0, 2.5, 0
2839.25341797, 3479.0078125, 54.5607948303, 1.18242800236, 2.5, 0, 2.5, 0
2839.25341797, 3479.0078125, 54.5607948303, 1.18242800236, 2.5, 0, 2.5, 0
2839.25341797, 3479.0078125, 54.5607948303, 1.18242800236, 2.5, 0, 2.5, 0
2839.25341797, 3479.0078125, 54.5607948303, 1.18242800236, 2.5, 0, 2.5, 0
2839.25341797, 3479.0078125, 54.5607948303, 1.18242800236, 2.5, 0, 2.5, 0
2839.25341797, 3479.0078125, 54.5607948303, 1.18242800236, 2.5, 0, 2.5, 0
2839.25341797, 3479.0078125, 54.5607948303, 1.18242800236, 2.5, 0, 2.5, 0
2839.25341797, 3479.0078125, 54.5607948303, 1.18242800236, 2.5, 0, 2.5, 0
2839.25341797, 3479.0078125, 54.5607948303, 1.18242800236, 2.5, 0, 2.5, 0
2839.25341797, 3479.0078125, 54.5607948303, 1.18242800236, 2.5, 0, 2.5, 0
2839.25341797, 3479.0078125, 54.5607948303, 1.18242800236, 2.5, 0, 2.5, 0
2839.25341797, 3479.0078125, 54.5607948303, 1.18242800236, 2.5, 0, 2.5, 0
2839.25341797, 3479.0078125, 54.5607948303, 1.18242800236, 2.5, 0, 2.5, 0
2839.25341797, 3479.0078125, 54.5607948303, 1.18242800236, 2.5, 0, 2.5, 0
2839.25341797, 3479.0078125, 54.5607948303, 1.18242800236, 2.5, 0, 2.5, 0
2839.25341797, 3479.0078125, 54.5607948303, 1.18242800236, 2.5, 0, 2.5, 0
2839.25341797, 3479.0078125, 54.5607948303, 1.18242800236, 2.5, 0, 2.5, 0
2839.25341797, 3479.0078125, 54.5607948303, 1.18242800236, 2.5, 0, 2.5, 0
2839.25341797, 3479.0078125, 54.5607948303, 1.18242800236, 2.5, 0, 2.5, 0
2839.25341797, 3479.0078125, 54.5607948303, 1.18242800236, 2.5, 0, 2.5, 0
2839.25341797, 3479.0078125, 54.5607948303, 1.18242800236, 2.5, 0, 2.5, 0
2839.25341797, 3479.0078125, 54.5607948303, 1.18242800236, 2.5, 0, 2.5, 0
2839.25341797, 3479.0078125, 54.5607948303, 1.18242800236, 2.5, 0, 2.5, 0
2839.25341797, 3479.0078125, 54.5607948303, 1.18242800236, 2.5, 0, 2.5, 0
2839.25341797, 3479.0078125, 54.5607948303, 1.18242800236, 2.5, 0, 2.5, 0
2839.25341797, 3479.0078125, 54.5607948303, 1.18242800236, 2.5, 0, 2.5, 0
2839.25341797, 3479.0078125, 54.5607948303, 1.18242800236, 2.5, 0, 2.5, 0
2839.25341797, 3479.0078125, 54.5607948303, 1.18242800236, 2.5, 0, 2.5, 0
2839.25341797, 3479.0078125, 54.5607948303, 1.18242800236, 2.5, 0, 2.5, 0
2839.25341797, 3479.0078125, 54.5607948303, 1.18242800236, 2.5, 0, 2.5, 0
2839.25341797, 3479.0078125, 54.5607948303, 1.18242800236, 2.5, 0, 2.5, 0
2839.25341797, 3479.0078125, 54.5607948303, 1.18242800236, 2.5, 0, 2.5, 0
2839.25341797, 3479.0078125, 54.5607948303, 1.18242800236, 2.5, 0, 2.5, 0
2839.25341797, 3479.0078125, 54.5607948303, 1.18242800236, 2.5, 0, 2.5, 0
2839.25341797, 3479.0078125, 54.5607948303, 1.18242800236, 2.5, 0, 2.5, 0
2839.25341797, 3479.0078125, 54.5607948303, 1.18242800236, 2.5, 0, 2.5, 0
2839.25341797, 3479.0078125, 54.5607948303, 1.18242800236, 2.5, 0, 2.5, 0
2839.25341797, 3479.0078125, 54.5607948303, 1.18242800236, 2.5, 0, 2.5, 0
2839.25341797, 3479.0078125, 54.5607948303, 1.18242800236, 2.5, 0, 2.5, 0
2839.25390625, 3479.00927734, 54.5609664917, 1.18242907524, 2.5, 0, 2.5, 0
2839.25756836, 3479.01806641, 54.5612869263, 1.18243396282, 2.5, 0, 2.5, 0
2839.26733398, 3479.04199219, 54.5616188049, 1.1824413538, 2.5, 0, 2.5, 0
2839.28466797, 3479.08422852, 54.5616035461, 1.18256759644, 2.5, 0, 2.5, 0
2839.30493164, 3479.1484375, 54.560962677, 1.18568885326, 2.5, 0, 2.5, 0
2839.32446289, 3479.234375, 54.5597229004, 1.19478142262, 2.5, 0, 2.5, 0
2839.34716797, 3479.34228516, 54.5580711365, 1.20725190639, 2.5, 0, 2.5, 0
2839.37817383, 3479.47680664, 54.5559082031, 1.22086596489, 2.5, 0, 2.5, 0
2839.42016602, 3479.63720703, 54.5532722473, 1.23385906219, 2.5, 0, 2.5, 0
2839.47363281, 3479.82495117, 54.5501098633, 1.24552690983, 2.5, 0, 2.5, 0
2839.53979492, 3480.04174805, 54.5464019775, 1.25558507442, 2.5, 0, 2.5, 0
2839.61816406, 3480.28857422, 54.5421257019, 1.26402199268, 2.5, 0, 2.5, 0
2839.70825195, 3480.56762695, 54.5372428894, 1.27093076706, 2.5, 0, 2.5, 0
2839.81103516, 3480.88208008, 54.5317192078, 1.27650690079, 2.5, 0, 2.5, 0
2839.92504883, 3481.22875977, 54.525592804, 1.28085851669, 2.5, 0, 2.5, 0
2840.05175781, 3481.61572266, 54.5187072754, 1.2842540741, 2.5, 0, 2.5, 0
2840.19067383, 3482.04199219, 54.5110931396, 1.28682291508, 2.5, 0, 2.5, 0
2840.34179688, 3482.51000977, 54.5026664734, 1.28871273994, 2.5, 0, 2.5, 0
2840.50585938, 3483.02270508, 54.4933776855, 1.28999149799, 2.5, 0, 2.5, 0
2840.68261719, 3483.58154297, 54.4831733704, 1.29069304466, 2.5, 0, 2.5, 0
2840.87280273, 3484.18994141, 54.4719963074, 1.29084742069, 2.5, 0, 2.5, 0
2841.07641602, 3484.85083008, 54.4608154297, 1.29051303864, 2.5, 0, 2.5, 0
2841.29418945, 3485.56762695, 54.4491577148, 1.28978490829, 2.5, 0, 2.5, 0
2841.52392578, 3486.33251953, 54.4368019104, 1.28860771656, 2.5, 0, 2.5, 0
2841.74926758, 3487.09082031, 54.4237327576, 1.28695178032, 2.5, 0, 2.5, 0
2841.9699707, 3487.83618164, 54.410484314, 1.28547751904, 2.5, 0, 2.5, 0
2842.19042969, 3488.58398438, 54.398147583, 1.28444361687, 2.5, 0, 2.5, 0
2842.41870117, 3489.35961914, 54.3862991333, 1.28383374214, 2.5, 0, 2.5, 0
2842.65576172, 3490.16430664, 54.3741607666, 1.28346407413, 2.5, 0, 2.5, 0
2842.90185547, 3490.99804688, 54.3614082336, 1.2832313776, 2.5, 0, 2.5, 0
2843.15649414, 3491.86010742, 54.34790802, 1.2830876112, 2.5, 0, 2.5, 0
2843.41992188, 3492.74951172, 54.3337173462, 1.28301084042, 2.5, 0, 2.5, 0
2843.69091797, 3493.66552734, 54.3192214966, 1.28292942047, 2.5, 0, 2.5, 0
2843.97021484, 3494.60913086, 54.3041496277, 1.28288030624, 2.5, 0, 2.5, 0
2844.25634766, 3495.57543945, 54.2887115479, 1.28290748596, 2.5, 0, 2.5, 0
2844.55004883, 3496.56762695, 54.2725143433, 1.2829618454, 2.5, 0, 2.5, 0
2844.85131836, 3497.58447266, 54.2555580139, 1.28305244446, 2.5, 0, 2.5, 0
2845.15893555, 3498.62451172, 54.2380409241, 1.28315258026, 2.5, 0, 2.5, 0
2845.47363281, 3499.68920898, 54.2198944092, 1.28324472904, 2.5, 0, 2.5, 0
2845.79516602, 3500.77832031, 54.2007064819, 1.28318822384, 2.5, 0, 2.5, 0
2846.1237793, 3501.89257812, 54.181137085, 1.28280580044, 2.5, 0, 2.5, 0
2846.4597168, 3503.03076172, 54.1611785889, 1.28237378597, 2.5, 0, 2.5, 0
2846.80322266, 3504.19482422, 54.1408081055, 1.28209900856, 2.5, 0, 2.5, 0
2847.15942383, 3505.37963867, 54.1200637817, 1.2785474062, 2.5, 0, 2.5, 0
2847.54931641, 3506.57446289, 54.0990867615, 1.25868177414, 2.5, 0, 2.5, 0
2847.98120117, 3507.7824707, 54.0777435303, 1.22304868698, 2.5, 0, 2.5, 0
2848.44702148, 3508.99487305, 54.0564346313, 1.18484354019, 2.5, 0, 2.5, 0
2848.94946289, 3510.22363281, 54.0346603394, 1.15247499943, 2.5, 0, 2.5, 0
2849.48706055, 3511.46655273, 54.012172699, 1.12894642353, 2.5, 0, 2.5, 0
2850.05664062, 3512.72412109, 53.9898376465, 1.11441779137, 2.5, 0, 2.5, 0
2850.80566406, 3514.31176758, 53.9618644714, 1.10604226589, 2.5, 0, 2.5, 0
2851.43066406, 3515.59887695, 53.9392318726, 1.10426270962, 2.5, 0, 2.5, 0
2852.07324219, 3516.90087891, 53.9163322449, 1.10462379456, 2.5, 0, 2.5, 0
2852.73071289, 3518.2199707, 53.8930397034, 1.10570931435, 2.5, 0, 2.5, 0
2853.40283203, 3519.56274414, 53.8690032959, 1.10677826405, 2.5, 0, 2.5, 0
2853.90844727, 3520.57177734, 53.8509216309, 1.10730028152, 2.5, 0, 2.5, 0
2854.76806641, 3522.28637695, 53.8193283081, 1.10762834549, 2.5, 0, 2.5, 0
2855.46533203, 3523.67675781, 53.7927703857, 1.10740411282, 2.5, 0, 2.5, 0
2856.16235352, 3525.09130859, 53.7659721375, 1.11251842976, 2.5, 0, 2.5, 0
2856.8359375, 3526.53076172, 53.7388038635, 1.13474464417, 2.5, 0, 2.5, 0
2857.48388672, 3527.9987793, 53.7113265991, 1.16967582703, 2.5, 0, 2.5, 0
2858.10839844, 3529.49658203, 53.6838417053, 1.20513892174, 2.5, 0, 2.5, 0
2858.703125, 3531.00732422, 53.6561508179, 1.23363852501, 2.5, 0, 2.5, 0
2859.26538086, 3532.51513672, 53.628692627, 1.25366544724, 2.5, 0, 2.5, 0
2859.79760742, 3534.01611328, 53.6015739441, 1.26589095592, 2.5, 0, 2.5, 0
2860.31079102, 3535.5300293, 53.5744819641, 1.27183032036, 2.5, 0, 2.5, 0
2860.81152344, 3537.06030273, 53.5471878052, 1.27344429493, 2.5, 0, 2.5, 0
2861.3059082, 3538.61108398, 53.5195579529, 1.27285993099, 2.5, 0, 2.5, 0
2861.80053711, 3540.18798828, 53.491558075, 1.27160930634, 2.5, 0, 2.5, 0
2862.29150391, 3541.76489258, 53.4634666443, 1.27050840855, 2.5, 0, 2.5, 0
2862.78710938, 3543.36523438, 53.4349479675, 1.26990008354, 2.5, 0, 2.5, 0
2863.28881836, 3544.98583984, 53.4056854248, 1.26981008053, 2.5, 0, 2.5, 0
2863.79199219, 3546.61279297, 53.3761138916, 1.27008223534, 2.5, 0, 2.5, 0
2864.30078125, 3548.2590332, 53.3460159302, 1.27051270008, 2.5, 0, 2.5, 0
2864.81420898, 3549.92138672, 53.3153953552, 1.27079916, 2.5, 0, 2.5, 0
2865.33081055, 3551.59423828, 53.2845535278, 1.27087962627, 2.5, 0, 2.5, 0
2865.8503418, 3553.27709961, 53.2536506653, 1.270865798, 2.5, 0, 2.5, 0
2866.36450195, 3554.94287109, 53.2232398987, 1.27084922791, 2.5, 0, 2.5, 0
2866.87329102, 3556.59106445, 53.1934738159, 1.27083432674, 2.5, 0, 2.5, 0
2867.37866211, 3558.22680664, 53.1638832092, 1.27107191086, 2.5, 0, 2.5, 0
2867.87915039, 3559.84716797, 53.13463974, 1.27122211456, 2.5, 0, 2.5, 0
2868.37475586, 3561.453125, 53.1057548523, 1.27131474018, 2.5, 0, 2.5, 0
2868.86572266, 3563.04370117, 53.0770988464, 1.27137386799, 2.5, 0, 2.5, 0
2869.3515625, 3564.61914062, 53.0488967896, 1.27141177654, 2.5, 0, 2.5, 0
2869.83349609, 3566.18310547, 53.0213165283, 1.27138781548, 2.5, 0, 2.5, 0
2870.31079102, 3567.73168945, 52.9940795898, 1.27136278152, 2.5, 0, 2.5, 0
2870.78320312, 3569.2644043, 52.9670906067, 1.27134299278, 2.5, 0, 2.5, 0
2871.25170898, 3570.78393555, 52.9403343201, 1.27132594585, 2.5, 0, 2.5, 0
2871.71606445, 3572.28881836, 52.9138641357, 1.27131104469, 2.5, 0, 2.5, 0
2872.17578125, 3573.77905273, 52.8876190186, 1.27129662037, 2.5, 0, 2.5, 0
2872.63037109, 3575.25366211, 52.8616981506, 1.2712790966, 2.5, 0, 2.5, 0
2873.08129883, 3576.71655273, 52.8365898132, 1.27126419544, 2.5, 0, 2.5, 0
2873.52734375, 3578.16357422, 52.8122749329, 1.27135741711, 2.5, 0, 2.5, 0
2873.96899414, 3579.59716797, 52.7882270813, 1.27132868767, 2.5, 0, 2.5, 0
2874.40649414, 3581.0168457, 52.7641220093, 1.27129137516, 2.5, 0, 2.5, 0
2874.84155273, 3582.42822266, 52.740146637, 1.27125251293, 2.5, 0, 2.5, 0
2875.26879883, 3583.81445312, 52.7166366577, 1.27121460438, 2.5, 0, 2.5, 0
2875.58813477, 3584.85009766, 52.6990890503, 1.27118587494, 2.5, 0, 2.5, 0
2876.11645508, 3586.56225586, 52.670085907, 1.27114057541, 2.5, 0, 2.5, 0
2876.53149414, 3587.90722656, 52.6479072571, 1.2711097002, 2.5, 0, 2.5, 0
2876.94335938, 3589.24169922, 52.6260871887, 1.27108204365, 2.5, 0, 2.5, 0
2877.35180664, 3590.56542969, 52.6050567627, 1.27104949951, 2.5, 0, 2.5, 0
2877.75585938, 3591.87475586, 52.5842857361, 1.27101540565, 2.5, 0, 2.5, 0
2878.15527344, 3593.16943359, 52.5639648438, 1.2709941864, 2.5, 0, 2.5, 0
2878.55126953, 3594.45288086, 52.5436515808, 1.27102982998, 2.5, 0, 2.5, 0
2878.94140625, 3595.71728516, 52.5235519409, 1.27103936672, 2.5, 0, 2.5, 0
2879.32836914, 3596.97119141, 52.5036087036, 1.27103352547, 2.5, 0, 2.5, 0
2879.71118164, 3598.21166992, 52.4838905334, 1.27101814747, 2.5, 0, 2.5, 0
2880.08984375, 3599.43969727, 52.4652786255, 1.27100157738, 2.5, 0, 2.5, 0
2880.46484375, 3600.65405273, 52.4471588135, 1.27098345757, 2.5, 0, 2.5, 0
2880.83520508, 3601.85400391, 52.4299888611, 1.27095901966, 2.5, 0, 2.5, 0
2881.20141602, 3603.04052734, 52.4132575989, 1.27093338966, 2.5, 0, 2.5, 0
2881.56396484, 3604.21630859, 52.3966636658, 1.27090835571, 2.5, 0, 2.5, 0
2881.93286133, 3605.41186523, 52.3803710938, 1.27090728283, 2.5, 0, 2.5, 0
2882.30664062, 3606.62255859, 52.3640022278, 1.27092754841, 2.5, 0, 2.5, 0
2882.68823242, 3607.859375, 52.3470878601, 1.27096700668, 2.5, 0, 2.5, 0
2883.07739258, 3609.12011719, 52.3293914795, 1.27107560635, 2.5, 0, 2.5, 0
2883.47460938, 3610.4074707, 52.3111839294, 1.2709941864, 2.5, 0, 2.5, 0
2883.87866211, 3611.71655273, 52.293296814, 1.27071082592, 2.5, 0, 2.5, 0
2884.29003906, 3613.04882812, 52.2753944397, 1.27039706707, 2.5, 0, 2.5, 0
2884.70898438, 3614.40478516, 52.2577438354, 1.27018618584, 2.5, 0, 2.5, 0
2885.13378906, 3615.77978516, 52.240146637, 1.27012062073, 2.5, 0, 2.5, 0
2885.56689453, 3617.1796875, 52.2276229858, 1.27010202408, 2.5, 0, 2.5, 0
2886.00585938, 3618.59863281, 52.2207565308, 1.26998591423, 2.5, 0, 2.5, 0
2886.44897461, 3620.03051758, 52.2218360901, 1.2699406147, 2.5, 0, 2.5, 0
2886.88964844, 3621.45385742, 52.226940155, 1.26994538307, 2.5, 0, 2.5, 0
2887.32226562, 3622.85302734, 52.2323646545, 1.27002418041, 2.5, 0, 2.5, 0
2887.75268555, 3624.2434082, 52.2368850708, 1.26998853683, 2.5, 0, 2.5, 0
2888.1784668, 3625.61865234, 52.2406578064, 1.26979088783, 2.5, 0, 2.5, 0
2888.60058594, 3626.98120117, 52.2432250977, 1.26960027218, 2.5, 0, 2.5, 0
2889.01831055, 3628.32739258, 52.2450675964, 1.26946175098, 2.5, 0, 2.5, 0
2889.43164062, 3629.65893555, 52.2467422485, 1.26936268806, 2.5, 0, 2.5, 0
2889.84033203, 3630.9753418, 52.2484130859, 1.26929235458, 2.5, 0, 2.5, 0
2890.24462891, 3632.27587891, 52.2500572205, 1.26924180984, 2.5, 0, 2.5, 0
2890.64501953, 3633.56469727, 52.251701355, 1.2692040205, 2.5, 0, 2.5, 0
2891.04248047, 3634.84277344, 52.2533531189, 1.26917409897, 2.5, 0, 2.5, 0
2891.43359375, 3636.10058594, 52.2551383972, 1.26922631264, 2.5, 0, 2.5, 0
2891.82128906, 3637.34667969, 52.2567481995, 1.2692694664, 2.5, 0, 2.5, 0
2892.20385742, 3638.57666016, 52.258392334, 1.26928913593, 2.5, 0, 2.5, 0
2892.58178711, 3639.79223633, 52.2600479126, 1.26929557323, 2.5, 0, 2.5, 0
2892.95605469, 3640.99584961, 52.2617530823, 1.2692950964, 2.5, 0, 2.5, 0
2893.32568359, 3642.18481445, 52.2635002136, 1.26929020882, 2.5, 0, 2.5, 0
2893.69116211, 3643.36010742, 52.265171051, 1.26928436756, 2.5, 0, 2.5, 0
2894.05224609, 3644.52246094, 52.2668495178, 1.26927804947, 2.5, 0, 2.5, 0
2894.40893555, 3645.66992188, 52.2685394287, 1.26927161217, 2.5, 0, 2.5, 0
2894.76123047, 3646.8034668, 52.270160675, 1.26926517487, 2.5, 0, 2.5, 0
2895.109375, 3647.9230957, 52.2717590332, 1.26926040649, 2.5, 0, 2.5, 0
2895.45288086, 3649.02929688, 52.2732543945, 1.26921617985, 2.5, 0, 2.5, 0
2895.79248047, 3650.12231445, 52.2741851807, 1.2691719532, 2.5, 0, 2.5, 0
2896.12792969, 3651.20117188, 52.2748413086, 1.26914215088, 2.5, 0, 2.5, 0
2896.4597168, 3652.26831055, 52.2751922607, 1.26912295818, 2.5, 0, 2.5, 0
2896.79638672, 3653.35131836, 52.275970459, 1.26911604404, 2.5, 0, 2.5, 0
2897.14038086, 3654.45703125, 52.2768173218, 1.26911187172, 2.5, 0, 2.5, 0
2897.4921875, 3655.58813477, 52.2775917053, 1.26910698414, 2.5, 0, 2.5, 0
2897.84960938, 3656.73779297, 52.2781524658, 1.2691038847, 2.5, 0, 2.5, 0
2898.21508789, 3657.91308594, 52.2785186768, 1.26910281181, 2.5, 0, 2.5, 0
2898.58813477, 3659.11083984, 52.2789154053, 1.26899731159, 2.5, 0, 2.5, 0
2898.96459961, 3660.3190918, 52.2792358398, 1.268887043, 2.5, 0, 2.5, 0
2899.33666992, 3661.51196289, 52.2788200378, 1.26896905899, 2.5, 0, 2.5, 0
2899.70385742, 3662.69067383, 52.2785720825, 1.2690217495, 2.5, 0, 2.5, 0
2900.06665039, 3663.85595703, 52.2785263062, 1.2690564394, 2.5, 0, 2.5, 0
2900.42529297, 3665.0078125, 52.2785148621, 1.2690782547, 2.5, 0, 2.5, 0
2900.77905273, 3666.14428711, 52.2784080505, 1.26909053326, 2.5, 0, 2.5, 0
2901.12890625, 3667.26831055, 52.2782745361, 1.2690974474, 2.5, 0, 2.5, 0
2901.47412109, 3668.37792969, 52.2781944275, 1.26910173893, 2.5, 0, 2.5, 0
2901.81958008, 3669.48730469, 52.2783279419, 1.2691065073, 2.5, 0, 2.5, 0
2902.17211914, 3670.61938477, 52.2787475586, 1.26910281181, 2.5, 0, 2.5, 0
2902.53125, 3671.77392578, 52.2791213989, 1.26909637451, 2.5, 0, 2.5, 0
2902.89770508, 3672.95092773, 52.2793121338, 1.26908886433, 2.5, 0, 2.5, 0
2903.27246094, 3674.15527344, 52.2792701721, 1.269084692, 2.5, 0, 2.5, 0
2903.65209961, 3675.37524414, 52.2789993286, 1.26908040047, 2.5, 0, 2.5, 0
2904.03979492, 3676.62109375, 52.2784042358, 1.2692258358, 2.5, 0, 2.5, 0
2904.43481445, 3677.89135742, 52.2781448364, 1.2693914175, 2.5, 0, 2.5, 0
2904.84008789, 3679.19506836, 52.2779006958, 1.26953840256, 2.5, 0, 2.5, 0
2905.23461914, 3680.49951172, 52.2777366638, 1.27594125271, 2.5, 0, 2.5, 0
2905.61157227, 3681.84716797, 52.2775382996, 1.2979363203, 2.5, 0, 2.5, 0
2905.96923828, 3683.21435547, 52.2774620056, 1.32616150379, 2.5, 0, 2.5, 0
2906.22753906, 3684.26074219, 52.2773590088, 1.34625613689, 2.5, 0, 2.5, 0
2906.63769531, 3686.03759766, 52.2772636414, 1.37216448784, 2.5, 0, 2.5, 0
2906.94824219, 3687.484375, 52.2772331238, 1.385009408, 2.5, 0, 2.5, 0
2907.24609375, 3688.95581055, 52.2772102356, 1.39195859432, 2.5, 0, 2.5, 0
2907.53491211, 3690.44775391, 52.2772445679, 1.39476931095, 2.5, 0, 2.5, 0
2907.81787109, 3691.96142578, 52.2773513794, 1.39519965649, 2.5, 0, 2.5, 0
2908.09741211, 3693.49194336, 52.2774810791, 1.39463245869, 2.5, 0, 2.5, 0
2908.37646484, 3695.03955078, 52.2771720886, 1.39379894733, 2.5, 0, 2.5, 0
2908.65869141, 3696.61328125, 52.2768974304, 1.39312827587, 2.5, 0, 2.5, 0
2908.94018555, 3698.1875, 52.2763710022, 1.39285242558, 2.5, 0, 2.5, 0
2909.2253418, 3699.78320312, 52.2753829956, 1.39288377762, 2.5, 0, 2.5, 0
2909.51049805, 3701.3828125, 52.274105072, 1.39315223694, 2.5, 0, 2.5, 0
2909.79248047, 3702.96630859, 52.2728614807, 1.39362895489, 2.5, 0, 2.5, 0
2910.0715332, 3704.53491211, 52.2717552185, 1.39412224293, 2.5, 0, 2.5, 0
2910.35131836, 3706.10693359, 52.2707901001, 1.39444768429, 2.5, 0, 2.5, 0
2910.63305664, 3707.69335938, 52.2699813843, 1.39464628696, 2.5, 0, 2.5, 0
2910.91748047, 3709.29589844, 52.2691879272, 1.39476776123, 2.5, 0, 2.5, 0
2911.20410156, 3710.91186523, 52.268283844, 1.39484548569, 2.5, 0, 2.5, 0
2911.49316406, 3712.54296875, 52.2672386169, 1.39489614964, 2.5, 0, 2.5, 0
2911.78442383, 3714.18774414, 52.26612854, 1.39494669437, 2.5, 0, 2.5, 0
2912.07885742, 3715.84985352, 52.2645797729, 1.39503455162, 2.5, 0, 2.5, 0
2912.37597656, 3717.52416992, 52.2624130249, 1.39479863644, 2.5, 0, 2.5, 0
2912.69165039, 3719.21264648, 52.2604446411, 1.38561499119, 2.5, 0, 2.5, 0
2913.04077148, 3720.90576172, 52.2588233948, 1.36066806316, 2.5, 0, 2.5, 0
2913.42163086, 3722.60424805, 52.257686615, 1.32985270023, 2.5, 0, 2.5, 0
2913.83544922, 3724.3125, 52.2569274902, 1.30203545094, 2.5, 0, 2.5, 0
2914.28076172, 3726.02246094, 52.2565727234, 1.28151464462, 2.5, 0, 2.5, 0
2914.7578125, 3727.7434082, 52.2565727234, 1.26869904995, 2.5, 0, 2.5, 0
2915.26074219, 3729.47070312, 52.2569618225, 1.26228296757, 2.5, 0, 2.5, 0
2915.78540039, 3731.20678711, 52.2577781677, 1.26011884212, 2.5, 0, 2.5, 0
2916.32617188, 3732.95214844, 52.2589263916, 1.26016259193, 2.5, 0, 2.5, 0
2916.87890625, 3734.70898438, 52.2602729797, 1.26090550423, 2.5, 0, 2.5, 0
2917.44091797, 3736.47998047, 52.261592865, 1.26164269447, 2.5, 0, 2.5, 0
2918.00976562, 3738.26513672, 52.2627830505, 1.26198363304, 2.5, 0, 2.5, 0
2918.58349609, 3740.06298828, 52.2638587952, 1.26194953918, 2.5, 0, 2.5, 0
2919.16113281, 3741.87255859, 52.2649612427, 1.26180624962, 2.5, 0, 2.5, 0
2919.74316406, 3743.69604492, 52.265663147, 1.26181745529, 2.5, 0, 2.5, 0
2920.33032227, 3745.53540039, 52.2663192749, 1.26197290421, 2.5, 0, 2.5, 0
2920.92114258, 3747.38647461, 52.2666549683, 1.26227653027, 2.5, 0, 2.5, 0
2921.515625, 3749.24951172, 52.2670288086, 1.26267921925, 2.5, 0, 2.5, 0
2922.11401367, 3751.12646484, 52.2674179077, 1.26309621334, 2.5, 0, 2.5, 0
2922.71582031, 3753.01635742, 52.2678413391, 1.26348185539, 2.5, 0, 2.5, 0
2923.17089844, 3754.44799805, 52.2682113647, 1.26373910904, 2.5, 0, 2.5, 0
2923.92773438, 3756.83081055, 52.2687988281, 1.26409232616, 2.5, 0, 2.5, 0
2924.53808594, 3758.75512695, 52.2693214417, 1.26431596279, 2.5, 0, 2.5, 0
2925.15185547, 3760.69238281, 52.2698936462, 1.26449334621, 2.5, 0, 2.5, 0
2925.76806641, 3762.63916016, 52.2704772949, 1.26462864876, 2.5, 0, 2.5, 0
2926.38745117, 3764.59716797, 52.2716712952, 1.26472663879, 2.5, 0, 2.5, 0
2927.00952148, 3766.56542969, 52.2751312256, 1.26478421688, 2.5, 0, 2.5, 0
2927.63598633, 3768.54663086, 52.281162262, 1.26482093334, 2.5, 0, 2.5, 0
2928.26342773, 3770.53198242, 52.2872848511, 1.26483952999, 2.5, 0, 2.5, 0
2928.89526367, 3772.53051758, 52.2908325195, 1.26481616497, 2.5, 0, 2.5, 0
2929.52954102, 3774.53857422, 52.2908782959, 1.26478421688, 2.5, 0, 2.5, 0
2930.15771484, 3776.55810547, 52.2891578674, 1.27012705803, 2.5, 0, 2.5, 0
2930.76660156, 3778.59301758, 52.286895752, 1.28651988506, 2.5, 0, 2.5, 0
2931.3581543, 3780.64355469, 52.2844696045, 1.30644190311, 2.5, 0, 2.5, 0
2931.92919922, 3782.70874023, 52.2820777893, 1.32384562492, 2.5, 0, 2.5, 0
2932.34472656, 3784.26831055, 52.2801208496, 1.33354699612, 2.5, 0, 2.5, 0
2933.0144043, 3786.88793945, 52.276348114, 1.34302413464, 2.5, 0, 2.5, 0
2933.53100586, 3788.99072266, 52.2731170654, 1.34585404396, 2.5, 0, 2.5, 0
2934.03540039, 3791.11083984, 52.2697257996, 1.34747266769, 2.5, 0, 2.5, 0
2934.51293945, 3793.24584961, 52.2662010193, 1.35966777802, 2.5, 0, 2.5, 0
2934.95288086, 3795.39208984, 52.262512207, 1.38525283337, 2.5, 0, 2.5, 0
2935.35766602, 3797.55102539, 52.2584495544, 1.41403567791, 2.5, 0, 2.5, 0
2935.71411133, 3799.7265625, 52.2543869019, 1.44658112526, 2.5, 0, 2.5, 0
2936.01074219, 3801.91503906, 52.2496261597, 1.48344039917, 2.5, 0, 2.5, 0
2936.24755859, 3804.11767578, 52.2433738708, 1.51803267002, 2.5, 0, 2.5, 0
2936.41430664, 3806.33398438, 52.237739563, 1.5530090332, 2.5, 0, 2.5, 0
2936.51586914, 3808.55932617, 52.2325820923, 1.58181524277, 2.5, 0, 2.5, 0
2936.56030273, 3810.79052734, 52.2274017334, 1.60175418854, 2.5, 0, 2.5, 0
2936.55834961, 3813.0090332, 52.2220115662, 1.61360883713, 2.5, 0, 2.5, 0
2936.52246094, 3815.20898438, 52.2163619995, 1.61877036095, 2.5, 0, 2.5, 0
2936.48242188, 3817.39404297, 52.209941864, 1.60851228237, 2.5, 0, 2.5, 0
2936.46142578, 3819.58447266, 52.202331543, 1.57989084721, 2.5, 0, 2.5, 0
2936.46386719, 3821.78417969, 52.1945877075, 1.54592716694, 2.5, 0, 2.5, 0
2936.49731445, 3823.99169922, 52.186630249, 1.51709794998, 2.5, 0, 2.5, 0
2936.56713867, 3826.21044922, 52.1784095764, 1.49803495407, 2.5, 0, 2.5, 0
2936.67163086, 3828.43701172, 52.1696853638, 1.4884455204, 2.5, 0, 2.5, 0
2936.80493164, 3830.66967773, 52.1611824036, 1.48601877689, 2.5, 0, 2.5, 0
2936.95996094, 3832.91210938, 52.1526260376, 1.48732638359, 2.5, 0, 2.5, 0
2937.12890625, 3835.1640625, 52.1440086365, 1.48958849907, 2.5, 0, 2.5, 0
2937.30493164, 3837.4230957, 52.1357460022, 1.49129724503, 2.5, 0, 2.5, 0
2937.48486328, 3839.69458008, 52.1261825562, 1.49241089821, 2.5, 0, 2.5, 0
2937.66699219, 3841.97558594, 52.116809845, 1.49270868301, 2.5, 0, 2.5, 0
2937.8503418, 3844.27441406, 52.1072616577, 1.49240887165, 2.5, 0, 2.5, 0
2938.03271484, 3846.56835938, 52.0976638794, 1.49199068546, 2.5, 0, 2.5, 0
2938.21386719, 3848.85375977, 52.0872344971, 1.49166584015, 2.5, 0, 2.5, 0
2938.39379883, 3851.12255859, 52.0769081116, 1.49137926102, 2.5, 0, 2.5, 0
2938.57202148, 3853.37182617, 52.0672035217, 1.49103355408, 2.5, 0, 2.5, 0
2938.74926758, 3855.60400391, 52.0567245483, 1.49065804482, 2.5, 0, 2.5, 0
2938.92578125, 3857.81665039, 52.0461921692, 1.49041676521, 2.5, 0, 2.5, 0
2939.10205078, 3860.01342773, 52.03565979, 1.490254879, 2.5, 0, 2.5, 0
2939.27734375, 3862.19262695, 52.0252609253, 1.49013984203, 2.5, 0, 2.5, 0
2939.45166016, 3864.35229492, 52.013874054, 1.4900662899, 2.5, 0, 2.5, 0
2939.62524414, 3866.49829102, 52.0030403137, 1.49003326893, 2.5, 0, 2.5, 0
2939.79785156, 3868.63012695, 51.9929542542, 1.49002099037, 2.5, 0, 2.5, 0
2939.97045898, 3870.76464844, 51.9829483032, 1.49001574516, 2.5, 0, 2.5, 0
2940.1340332, 3872.91259766, 51.9726676941, 1.49552893639, 2.5, 0, 2.5, 0
2940.27563477, 3875.0715332, 51.9618263245, 1.51222276688, 2.5, 0, 2.5, 0
2940.39550781, 3877.23339844, 51.9493675232, 1.53239190578, 2.5, 0, 2.5, 0
2940.49316406, 3879.41259766, 51.9368438721, 1.55016374588, 2.5, 0, 2.5, 0
2940.56640625, 3881.60253906, 51.9247970581, 1.56254792213, 2.5, 0, 2.5, 0
2940.61694336, 3883.79321289, 51.9125022888, 1.56941735744, 2.5, 0, 2.5, 0
2940.64941406, 3885.96582031, 51.9003067017, 1.57237350941, 2.5, 0, 2.5, 0
2940.66430664, 3887.58325195, 51.8911247253, 1.57314014435, 2.5, 0, 2.5, 0
2940.67504883, 3889.72460938, 51.8780517578, 1.57337021828, 2.5, 0, 2.5, 0
2940.67919922, 3891.84814453, 51.8652648926, 1.57336354256, 2.5, 0, 2.5, 0
2940.67871094, 3893.95483398, 51.8526992798, 1.57342231274, 2.5, 0, 2.5, 0
2940.67529297, 3896.04345703, 51.8399963379, 1.57351577282, 2.5, 0, 2.5, 0
2940.6706543, 3898.12036133, 51.8273086548, 1.57368600368, 2.5, 0, 2.5, 0
2940.66479492, 3900.20483398, 51.8147964478, 1.57384335995, 2.5, 0, 2.5, 0
2940.65869141, 3902.30444336, 51.8020744324, 1.57392668724, 2.5, 0, 2.5, 0
2940.65136719, 3904.40795898, 51.7890510559, 1.57427191734, 2.5, 0, 2.5, 0
2940.62963867, 3906.52197266, 51.7761383057, 1.58269906044, 2.5, 0, 2.5, 0
2940.58666992, 3908.64501953, 51.7623558044, 1.59991466999, 2.5, 0, 2.5, 0
2940.52124023, 3910.78125, 51.7479286194, 1.6184527874, 2.5, 0, 2.5, 0
2940.43310547, 3912.92919922, 51.733745575, 1.63371729851, 2.5, 0, 2.5, 0
2940.32226562, 3915.09057617, 51.7191390991, 1.64407229424, 2.5, 0, 2.5, 0
2940.19238281, 3917.25244141, 51.7045249939, 1.64947521687, 2.5, 0, 2.5, 0
2940.04541016, 3919.42675781, 51.6890182495, 1.65137517452, 2.5, 0, 2.5, 0
2939.88549805, 3921.61035156, 51.6734466553, 1.65155851841, 2.5, 0, 2.5, 0
2939.71777344, 3923.79931641, 51.6580123901, 1.65126001835, 2.5, 0, 2.5, 0
2939.54492188, 3926.0, 51.641746521, 1.65102016926, 2.5, 0, 2.5, 0
2939.3684082, 3928.20678711, 51.6255950928, 1.65089929104, 2.5, 0, 2.5, 0
2939.18969727, 3930.42285156, 51.6097946167, 1.65100693703, 2.5, 0, 2.5, 0
2939.00976562, 3932.64697266, 51.5929298401, 1.65119993687, 2.5, 0, 2.5, 0
2938.83007812, 3934.85766602, 51.5761642456, 1.65157353878, 2.5, 0, 2.5, 0
2938.65161133, 3937.04931641, 51.5601119995, 1.65196895599, 2.5, 0, 2.5, 0
2938.47412109, 3939.23022461, 51.5439109802, 1.65220594406, 2.5, 0, 2.5, 0
2938.25097656, 3941.96459961, 51.5242385864, 1.65237355232, 2.5, 0, 2.5, 0
2938.07128906, 3944.16259766, 51.5081253052, 1.65244472027, 2.5, 0, 2.5, 0
2937.89038086, 3946.37207031, 51.4915657043, 1.65248000622, 2.5, 0, 2.5, 0
2937.69921875, 3948.58764648, 51.474773407, 1.65802049637, 2.5, 0, 2.5, 0
2937.47729492, 3950.80664062, 51.4585151672, 1.6787160635, 2.5, 0, 2.5, 0
2937.22070312, 3953.04174805, 51.4410247803, 1.70715498924, 2.5, 0, 2.5, 0
2936.93017578, 3955.26635742, 51.4235305786, 1.73200488091, 2.5, 0, 2.5, 0
2936.60327148, 3957.50683594, 51.4059181213, 1.75030815601, 2.5, 0, 2.5, 0
2936.24145508, 3959.75610352, 51.3873634338, 1.76095819473, 2.5, 0, 2.5, 0
2935.85009766, 3962.01342773, 51.3688926697, 1.76519107819, 2.5, 0, 2.5, 0
2935.43652344, 3964.2734375, 51.3508720398, 1.76567864418, 2.5, 0, 2.5, 0
2935.00756836, 3966.54223633, 51.3322792053, 1.76464354992, 2.5, 0, 2.5, 0
2934.56811523, 3968.8190918, 51.313079834, 1.76363193989, 2.5, 0, 2.5, 0
2934.12158203, 3971.10791016, 51.2935523987, 1.76333117485, 2.5, 0, 2.5, 0
2933.67138672, 3973.40185547, 51.2739372253, 1.76374995708, 2.5, 0, 2.5, 0
2933.21801758, 3975.70751953, 51.2542457581, 1.7645894289, 2.5, 0, 2.5, 0
2932.76147461, 3978.02270508, 51.2344169617, 1.76551175117, 2.5, 0, 2.5, 0
2932.30249023, 3980.34521484, 51.2145042419, 1.7662396431, 2.5, 0, 2.5, 0
2931.84008789, 3982.68115234, 51.1946182251, 1.76668286324, 2.5, 0, 2.5, 0
2931.38500977, 3985.02148438, 51.1744995117, 1.76158070564, 2.5, 0, 2.5, 0
2930.95117188, 3987.37353516, 51.1543540955, 1.74570262432, 2.5, 0, 2.5, 0
2930.53710938, 3989.74194336, 51.1344451904, 1.72683751583, 2.5, 0, 2.5, 0
2930.14550781, 3992.1237793, 51.1146774292, 1.71081185341, 2.5, 0, 2.5, 0
2929.77783203, 3994.51635742, 51.0950660706, 1.70016562939, 2.5, 0, 2.5, 0
2929.43066406, 3996.91967773, 51.0754737854, 1.6948094368, 2.5, 0, 2.5, 0
2929.09985352, 3999.33544922, 51.0558662415, 1.69325828552, 2.5, 0, 2.5, 0
2928.78100586, 4001.75976562, 51.0362434387, 1.69362211227, 2.5, 0, 2.5, 0
2928.46899414, 4004.19433594, 51.0165481567, 1.694272995, 2.5, 0, 2.5, 0
2928.16137695, 4006.63598633, 50.9974632263, 1.69520759583, 2.5, 0, 2.5, 0
2927.85449219, 4009.08886719, 50.9776992798, 1.69564568996, 2.5, 0, 2.5, 0
2927.5480957, 4011.54956055, 50.9580230713, 1.69552898407, 2.5, 0, 2.5, 0
2927.24072266, 4014.02026367, 50.9381828308, 1.69509243965, 2.5, 0, 2.5, 0
2926.93164062, 4016.5065918, 50.9180641174, 1.69459950924, 2.5, 0, 2.5, 0
2926.6237793, 4018.984375, 50.8985176086, 1.69429898262, 2.5, 0, 2.5, 0
2926.31445312, 4021.47680664, 50.8784790039, 1.69423043728, 2.5, 0, 2.5, 0
2925.99609375, 4023.97412109, 50.8584823608, 1.69916021824, 2.5, 0, 2.5, 0
2925.64794922, 4026.46899414, 50.8373641968, 1.71848797798, 2.5, 0, 2.5, 0
2925.26416016, 4028.97216797, 50.8150177002, 1.74649846554, 2.5, 0, 2.5, 0
2924.84155273, 4031.47827148, 50.7943611145, 1.77284109592, 2.5, 0, 2.5, 0
2924.37719727, 4033.99023438, 50.7736091614, 1.79111778736, 2.5, 0, 2.5, 0
2923.875, 4036.49975586, 50.7527694702, 1.80054593086, 2.5, 0, 2.5, 0
2923.34082031, 4039.01074219, 50.7318115234, 1.80343019962, 2.5, 0, 2.5, 0
2922.78051758, 4041.53369141, 50.7106552124, 1.80287909508, 2.5, 0, 2.5, 0
2922.20727539, 4044.04711914, 50.6895561218, 1.801410079, 2.5, 0, 2.5, 0
2921.62329102, 4046.5703125, 50.6684379578, 1.80036020279, 2.5, 0, 2.5, 0
2921.03491211, 4049.09375, 50.6473236084, 1.8001819849, 2.5, 0, 2.5, 0
2920.43969727, 4051.6340332, 50.6260452271, 1.80072057247, 2.5, 0, 2.5, 0
2919.83618164, 4054.16210938, 50.6048660278, 1.80703115463, 2.5, 0, 2.5, 0
2919.20532227, 4056.69604492, 50.5839004517, 1.82452273369, 2.5, 0, 2.5, 0
2918.54663086, 4059.23266602, 50.563205719, 1.84473264217, 2.5, 0, 2.5, 0
2917.85986328, 4061.76611328, 50.5424079895, 1.86117875576, 2.5, 0, 2.5, 0
2916.96484375, 4064.91845703, 50.5165328979, 1.87295615673, 2.5, 0, 2.5, 0
2916.21948242, 4067.44311523, 50.4956245422, 1.87629342079, 2.5, 0, 2.5, 0
2915.45581055, 4069.96582031, 50.4747886658, 1.87647283077, 2.5, 0, 2.5, 0
2914.67700195, 4072.50317383, 50.4539756775, 1.87430930138, 2.5, 0, 2.5, 0
2913.91357422, 4075.02148438, 50.4336128235, 1.86349594593, 2.5, 0, 2.5, 0
2913.15844727, 4077.5612793, 50.4131469727, 1.84869337082, 2.5, 0, 2.5, 0
2912.41699219, 4080.11547852, 50.3926010132, 1.83542144299, 2.5, 0, 2.5, 0
2911.51538086, 4083.31958008, 50.3658828735, 1.82471776009, 2.5, 0, 2.5, 0
2910.81030273, 4085.90209961, 50.345161438, 1.82118475437, 2.5, 0, 2.5, 0
2910.10375977, 4088.5078125, 50.3241119385, 1.82618939877, 2.5, 0, 2.5, 0
2909.38623047, 4091.08007812, 50.3048858643, 1.84757912159, 2.5, 0, 2.5, 0
2908.63696289, 4093.65820312, 50.2838478088, 1.87723493576, 2.5, 0, 2.5, 0
2907.84326172, 4096.25439453, 50.2638092041, 1.90290117264, 2.5, 0, 2.5, 0
2907.01416016, 4098.82910156, 50.2447052002, 1.91969645023, 2.5, 0, 2.5, 0
2906.15576172, 4101.37451172, 50.2250938416, 1.9270863533, 2.5, 0, 2.5, 0
2905.26293945, 4103.92333984, 50.205532074, 1.92798507214, 2.5, 0, 2.5, 0
2904.34448242, 4106.48046875, 50.1862335205, 1.92609608173, 2.5, 0, 2.5, 0
2903.41235352, 4109.03564453, 50.167591095, 1.92402994633, 2.5, 0, 2.5, 0
2902.47241211, 4111.60742188, 50.1483726501, 1.92018687725, 2.5, 0, 2.5, 0
2901.55444336, 4114.16210938, 50.1290473938, 1.9085804224, 2.5, 0, 2.5, 0
2900.64501953, 4116.74462891, 50.1099052429, 1.89483880997, 2.5, 0, 2.5, 0
2899.75610352, 4119.32763672, 50.0912590027, 1.88376808167, 2.5, 0, 2.5, 0
2898.88208008, 4121.92871094, 50.0720214844, 1.87680721283, 2.5, 0, 2.5, 0
2898.02392578, 4124.54199219, 50.0544090271, 1.8744597435, 2.5, 0, 2.5, 0
2897.17553711, 4127.16943359, 50.0371856689, 1.87488472462, 2.5, 0, 2.5, 0
2896.33691406, 4129.79443359, 50.0201148987, 1.87596988678, 2.5, 0, 2.5, 0
2895.49902344, 4132.43457031, 50.0034370422, 1.87687814236, 2.5, 0, 2.5, 0
2894.66772461, 4135.06445312, 49.9870376587, 1.87693047523, 2.5, 0, 2.5, 0
2893.84667969, 4137.71826172, 49.9708900452, 1.86768567562, 2.5, 0, 2.5, 0
2893.06323242, 4140.35791016, 49.955493927, 1.84577214718, 2.5, 0, 2.5, 0
2892.30639648, 4143.02246094, 49.9405479431, 1.82156682014, 2.5, 0, 2.5, 0
2891.58178711, 4145.70556641, 49.9261131287, 1.80264031887, 2.5, 0, 2.5, 0
2890.89135742, 4148.39794922, 49.9121894836, 1.79155278206, 2.5, 0, 2.5, 0
2890.22851562, 4151.08984375, 49.899105072, 1.79032897949, 2.5, 0, 2.5, 0
2889.56030273, 4153.78320312, 49.8862228394, 1.80779445171, 2.5, 0, 2.5, 0
2889.03808594, 4155.8046875, 49.8760910034, 1.83307504654, 2.5, 0, 2.5, 0
2888.1159668, 4159.17285156, 49.859085083, 1.87939572334, 2.5, 0, 2.5, 0
2887.32128906, 4161.86328125, 49.8463668823, 1.90731871128, 2.5, 0, 2.5, 0
2886.49072266, 4164.49316406, 49.8342933655, 1.92233848572, 2.5, 0, 2.5, 0
2885.61083984, 4167.13085938, 49.8221969604, 1.92723655701, 2.5, 0, 2.5, 0
2884.69262695, 4169.77050781, 49.8105926514, 1.92604756355, 2.5, 0, 2.5, 0
2883.75219727, 4172.40576172, 49.7982788086, 1.92294120789, 2.5, 0, 2.5, 0
2882.79858398, 4175.04101562, 49.7871131897, 1.9206084013, 2.5, 0, 2.5, 0
2881.83666992, 4177.67919922, 49.7774162292, 1.92023015022, 2.5, 0, 2.5, 0
2880.89282227, 4180.25830078, 49.768245697, 1.92144429684, 2.5, 0, 2.5, 0
2879.94995117, 4182.828125, 49.7594680786, 1.92332541943, 2.5, 0, 2.5, 0
2879.01171875, 4185.38037109, 49.7510490417, 1.92488873005, 2.5, 0, 2.5, 0
2878.08081055, 4187.90625, 49.7429656982, 1.92598211765, 2.5, 0, 2.5, 0
2877.15185547, 4190.41992188, 49.7354431152, 1.92686867714, 2.5, 0, 2.5, 0
2875.99609375, 4193.53759766, 49.7264022827, 1.92764616013, 2.5, 0, 2.5, 0
2875.09790039, 4195.95507812, 49.7194442749, 1.92792725563, 2.5, 0, 2.5, 0
2874.23291016, 4198.27880859, 49.7123908997, 1.92814779282, 2.5, 0, 2.5, 0
2873.37841797, 4200.57177734, 49.7067527771, 1.92837977409, 2.5, 0, 2.5, 0
2872.52905273, 4202.84619141, 49.7021713257, 1.92858231068, 2.5, 0, 2.5, 0
2871.68579102, 4205.10302734, 49.6975212097, 1.92872297764, 2.5, 0, 2.5, 0
2870.84106445, 4207.36132812, 49.6925926208, 1.92882347107, 2.5, 0, 2.5, 0
2870.02441406, 4209.54394531, 49.6877098083, 1.92892992496, 2.5, 0, 2.5, 0
2869.24560547, 4211.625, 49.6823692322, 1.92905509472, 2.5, 0, 2.5, 0
2868.49633789, 4213.62597656, 49.6769485474, 1.92968297005, 2.5, 0, 2.5, 0
2867.78515625, 4215.52441406, 49.6737174988, 1.92990255356, 2.5, 0, 2.5, 0
2867.10571289, 4217.3359375, 49.6723251343, 1.92980527878, 2.5, 0, 2.5, 0
2866.45263672, 4219.07519531, 49.6719779968, 1.92963397503, 2.5, 0, 2.5, 0
2865.80102539, 4220.81103516, 49.6712799072, 1.92947137356, 2.5, 0, 2.5, 0
2865.14990234, 4222.54541016, 49.6707115173, 1.9294141531, 2.5, 0, 2.5, 0
2864.51269531, 4224.2421875, 49.6700439453, 1.92928469181, 2.5, 0, 2.5, 0
2863.87670898, 4225.9375, 49.6678733826, 1.92883658409, 2.5, 0, 2.5, 0
2863.26391602, 4227.61914062, 49.6670341492, 1.91908478737, 2.5, 0, 2.5, 0
2862.68530273, 4229.29541016, 49.6676368713, 1.89521563053, 2.5, 0, 2.5, 0
2862.13720703, 4230.96289062, 49.668800354, 1.8673876524, 2.5, 0, 2.5, 0
2861.61865234, 4232.62207031, 49.6700019836, 1.84291517735, 2.5, 0, 2.5, 0
2861.12866211, 4234.27148438, 49.6717071533, 1.82502985001, 2.5, 0, 2.5, 0
2860.66601562, 4235.91113281, 49.6738586426, 1.81405079365, 2.5, 0, 2.5, 0
2860.22607422, 4237.54248047, 49.6766166687, 1.80860865116, 2.5, 0, 2.5, 0
2859.80541992, 4239.16015625, 49.6796340942, 1.80676436424, 2.5, 0, 2.5, 0
2859.39990234, 4240.76367188, 49.683380127, 1.80667078495, 2.5, 0, 2.5, 0
2859.00488281, 4242.35546875, 49.687374115, 1.80695366859, 2.5, 0, 2.5, 0
2858.61450195, 4243.95019531, 49.6913871765, 1.80734729767, 2.5, 0, 2.5, 0
2858.22363281, 4245.56054688, 49.6954460144, 1.80769574642, 2.5, 0, 2.5, 0
2857.83666992, 4247.16015625, 49.6995811462, 1.80792403221, 2.5, 0, 2.5, 0
2857.45458984, 4248.74267578, 49.7040138245, 1.80796122551, 2.5, 0, 2.5, 0
2857.07617188, 4250.31103516, 49.7081108093, 1.80793905258, 2.5, 0, 2.5, 0
2856.70117188, 4251.86474609, 49.7123908997, 1.80796396732, 2.5, 0, 2.5, 0
2856.42211914, 4253.01953125, 49.7161903381, 1.80797898769, 2.5, 0, 2.5, 0
2855.95581055, 4254.92236328, 49.7231483459, 1.8115221262, 2.5, 0, 2.5, 0
2855.55639648, 4256.41796875, 49.7287902832, 1.83209240437, 2.5, 0, 2.5, 0
2855.12792969, 4257.88916016, 49.7345962524, 1.86616647243, 2.5, 0, 2.5, 0
2854.67626953, 4259.33496094, 49.7405929565, 1.90129590034, 2.5, 0, 2.5, 0
2854.20458984, 4260.75244141, 49.7466239929, 1.92991757393, 2.5, 0, 2.5, 0
2853.71362305, 4262.14501953, 49.7524642944, 1.94981849194, 2.5, 0, 2.5, 0
2853.20507812, 4263.51806641, 49.7579841614, 1.96162879467, 2.5, 0, 2.5, 0
2852.68041992, 4264.87841797, 49.7637825012, 1.96732103825, 2.5, 0, 2.5, 0
2852.15332031, 4266.20361328, 49.7699508667, 1.96916973591, 2.5, 0, 2.5, 0
2851.61889648, 4267.51708984, 49.7761535645, 1.96909105778, 2.5, 0, 2.5, 0
2851.08569336, 4268.80859375, 49.7815666199, 1.96840715408, 2.5, 0, 2.5, 0
2850.5480957, 4270.09912109, 49.7866783142, 1.96787416935, 2.5, 0, 2.5, 0
2850.02026367, 4271.36083984, 49.7906265259, 1.96761286259, 2.5, 0, 2.5, 0
2849.49584961, 4272.61132812, 49.7943305969, 1.96754562855, 2.5, 0, 2.5, 0
2848.97998047, 4273.83886719, 49.797618866, 1.96770358086, 2.5, 0, 2.5, 0
2848.46679688, 4275.06054688, 49.8003730774, 1.96798455715, 2.5, 0, 2.5, 0
2847.95776367, 4276.27099609, 49.8027000427, 1.96822798252, 2.5, 0, 2.5, 0
2847.453125, 4277.47119141, 49.804599762, 1.96840620041, 2.5, 0, 2.5, 0
2846.95874023, 4278.64599609, 49.8060913086, 1.96855854988, 2.5, 0, 2.5, 0
2846.46166992, 4279.82666016, 49.8069915771, 1.96851158142, 2.5, 0, 2.5, 0
2845.99072266, 4280.97851562, 49.8076667786, 1.96114087105, 2.5, 0, 2.5, 0
2845.55615234, 4282.12597656, 49.8083114624, 1.93658554554, 2.5, 0, 2.5, 0
2845.1472168, 4283.27636719, 49.8089752197, 1.9038618803, 2.5, 0, 2.5, 0
2844.7644043, 4284.41210938, 49.8094749451, 1.87388288975, 2.5, 0, 2.5, 0
2844.39941406, 4285.54931641, 49.8098602295, 1.85079371929, 2.5, 0, 2.5, 0
2844.04467773, 4286.71191406, 49.8098983765, 1.83539354801, 2.5, 0, 2.5, 0
2843.69873047, 4287.90136719, 49.8095703125, 1.82736039162, 2.5, 0, 2.5, 0
2843.35766602, 4289.12011719, 49.8101348877, 1.82485413551, 2.5, 0, 2.5, 0
2843.01660156, 4290.37451172, 49.8109054565, 1.82542645931, 2.5, 0, 2.5, 0
2842.67578125, 4291.6484375, 49.8109207153, 1.82718896866, 2.5, 0, 2.5, 0
2842.33105469, 4292.94580078, 49.8103790283, 1.82933807373, 2.5, 0, 2.5, 0
2841.9675293, 4294.25195312, 49.8091087341, 1.84080135822, 2.5, 0, 2.5, 0
2841.56298828, 4295.58447266, 49.8069458008, 1.86872184277, 2.5, 0, 2.5, 0
2841.12866211, 4296.91503906, 49.8045539856, 1.90213739872, 2.5, 0, 2.5, 0
2840.65869141, 4298.26806641, 49.8018608093, 1.9323656559, 2.5, 0, 2.5, 0
2840.15698242, 4299.63085938, 49.7986602783, 1.95499646664, 2.5, 0, 2.5, 0
2839.50561523, 4301.31152344, 49.7942123413, 1.97242450714, 2.5, 0, 2.5, 0
2838.96850586, 4302.64257812, 49.7904853821, 1.97979927063, 2.5, 0, 2.5, 0
2838.43383789, 4303.9296875, 49.7859954834, 1.98307478428, 2.5, 0, 2.5, 0
2837.88989258, 4305.21337891, 49.7813873291, 1.98399364948, 2.5, 0, 2.5, 0
2837.34326172, 4306.47851562, 49.7770576477, 1.98545050621, 2.5, 0, 2.5, 0
2836.77636719, 4307.71679688, 49.7719993591, 2.00102949142, 2.5, 0, 2.5, 0
2836.18798828, 4308.92529297, 49.766242981, 2.02980566025, 2.5, 0, 2.5, 0
2835.58447266, 4310.11083984, 49.7597351074, 2.06050467491, 2.5, 0, 2.5, 0
2834.97265625, 4311.26611328, 49.7524604797, 2.08616232872, 2.5, 0, 2.5, 0
2834.34643555, 4312.40966797, 49.745223999, 2.10485124588, 2.5, 0, 2.5, 0
2833.71728516, 4313.52294922, 49.7388076782, 2.11652708054, 2.5, 0, 2.5, 0
2833.08129883, 4314.61962891, 49.7313957214, 2.12277436256, 2.5, 0, 2.5, 0
2832.43701172, 4315.70605469, 49.7243843079, 2.1250705719, 2.5, 0, 2.5, 0
2831.80200195, 4316.76025391, 49.7171440125, 2.12529468536, 2.5, 0, 2.5, 0
2831.1640625, 4317.80761719, 49.7100067139, 2.12471199036, 2.5, 0, 2.5, 0
2830.52929688, 4318.84228516, 49.7025794983, 2.12402868271, 2.5, 0, 2.5, 0
2829.90527344, 4319.85742188, 49.6946182251, 2.12318515778, 2.5, 0, 2.5, 0
2829.30297852, 4320.87353516, 49.6865196228, 2.11087584496, 2.5, 0, 2.5, 0
2828.74609375, 4321.89111328, 49.6781044006, 2.07754158974, 2.5, 0, 2.5, 0
2828.22680664, 4322.90917969, 49.6700172424, 2.03379130363, 2.5, 0, 2.5, 0
2827.73706055, 4323.92529297, 49.6624450684, 1.99293100834, 2.5, 0, 2.5, 0
2827.26977539, 4324.94775391, 49.6543502808, 1.96097707748, 2.5, 0, 2.5, 0
2826.83569336, 4325.94677734, 49.6465110779, 1.9397726059, 2.5, 0, 2.5, 0
2826.41992188, 4326.94824219, 49.6386985779, 1.92722821236, 2.5, 0, 2.5, 0
2826.02270508, 4327.94287109, 49.6307106018, 1.9211666584, 2.5, 0, 2.5, 0
2825.6418457, 4328.92675781, 49.6228599548, 1.91911923885, 2.5, 0, 2.5, 0
2825.26928711, 4329.91308594, 49.6148986816, 1.91913485527, 2.5, 0, 2.5, 0
2824.9140625, 4330.86669922, 49.6064376831, 1.91986644268, 2.5, 0, 2.5, 0
2824.56030273, 4331.82617188, 49.5985641479, 1.92069816589, 2.5, 0, 2.5, 0
2824.20166016, 4332.8046875, 49.5910453796, 1.92133820057, 2.5, 0, 2.5, 0
2823.83349609, 4333.81054688, 49.5828552246, 1.92168092728, 2.5, 0, 2.5, 0
2823.45874023, 4334.83496094, 49.5742340088, 1.92185664177, 2.5, 0, 2.5, 0
2823.08105469, 4335.86572266, 49.5650558472, 1.9219468832, 2.5, 0, 2.5, 0
2822.68823242, 4336.93701172, 49.5550918579, 1.92199265957, 2.5, 0, 2.5, 0
2822.29858398, 4338.00048828, 49.5446205139, 1.92201435566, 2.5, 0, 2.5, 0
2821.89624023, 4339.09960938, 49.5336647034, 1.92162156105, 2.5, 0, 2.5, 0
2821.50415039, 4340.22216797, 49.5226325989, 1.9107657671, 2.5, 0, 2.5, 0
2821.13696289, 4341.37939453, 49.5111846924, 1.8811841011, 2.5, 0, 2.5, 0
2820.79516602, 4342.56542969, 49.4997749329, 1.84204089642, 2.5, 0, 2.5, 0
2820.47363281, 4343.78222656, 49.488079071, 1.80514550209, 2.5, 0, 2.5, 0
2820.16894531, 4345.03955078, 49.4762458801, 1.77621245384, 2.5, 0, 2.5, 0
2819.88671875, 4346.30615234, 49.4644622803, 1.75716173649, 2.5, 0, 2.5, 0
2819.6171875, 4347.61132812, 49.4520835876, 1.74623191357, 2.5, 0, 2.5, 0
2819.359375, 4348.94238281, 49.439414978, 1.74136328697, 2.5, 0, 2.5, 0
2819.10668945, 4350.30957031, 49.426158905, 1.74020814896, 2.5, 0, 2.5, 0
2818.79443359, 4352.02880859, 49.4095420837, 1.7444164753, 2.5, 0, 2.5, 0
2818.51171875, 4353.44775391, 49.394908905, 1.76470899582, 2.5, 0, 2.5, 0
2818.19287109, 4354.86914062, 49.3792762756, 1.80035817623, 2.5, 0, 2.5, 0
2817.75195312, 4356.63183594, 49.3592605591, 1.8466591835, 2.5, 0, 2.5, 0
2817.3515625, 4358.08447266, 49.3429260254, 1.87676131725, 2.5, 0, 2.5, 0
2816.91748047, 4359.54443359, 49.3255996704, 1.89706420898, 2.5, 0, 2.5, 0
2816.45605469, 4361.00390625, 49.3076591492, 1.9086098671, 2.5, 0, 2.5, 0
2815.9621582, 4362.49755859, 49.28855896, 1.91401278973, 2.5, 0, 2.5, 0
2815.44677734, 4364.00488281, 49.2689704895, 1.91537165642, 2.5, 0, 2.5, 0
2814.92578125, 4365.49609375, 49.2491073608, 1.91483879089, 2.5, 0, 2.5, 0
2814.39135742, 4367.00585938, 49.2285804749, 1.91382658482, 2.5, 0, 2.5, 0
2813.84594727, 4368.53759766, 49.2072944641, 1.91301751137, 2.5, 0, 2.5, 0
2813.30200195, 4370.06103516, 49.1857719421, 1.91288399696, 2.5, 0, 2.5, 0
2812.75683594, 4371.5859375, 49.1639862061, 1.91328132153, 2.5, 0, 2.5, 0
2812.22558594, 4373.07177734, 49.1425743103, 1.9139020443, 2.5, 0, 2.5, 0
2811.68554688, 4374.58007812, 49.1206970215, 1.91447067261, 2.5, 0, 2.5, 0
2811.13818359, 4376.10986328, 49.0982704163, 1.91484296322, 2.5, 0, 2.5, 0
2810.58569336, 4377.65283203, 49.0751914978, 1.91508686543, 2.5, 0, 2.5, 0
2810.03198242, 4379.21289062, 49.0513916016, 1.9121171236, 2.5, 0, 2.5, 0
2809.49462891, 4380.79492188, 49.027305603, 1.89664375782, 2.5, 0, 2.5, 0
2808.97290039, 4382.39404297, 49.0026855469, 1.87531507015, 2.5, 0, 2.5, 0
2808.48022461, 4383.96337891, 48.9783058167, 1.85521113873, 2.5, 0, 2.5, 0
2808.12036133, 4385.14990234, 48.9597511292, 1.84258341789, 2.5, 0, 2.5, 0
2807.54931641, 4387.10742188, 48.9293861389, 1.82818889618, 2.5, 0, 2.5, 0
2807.11352539, 4388.66357422, 48.9053535461, 1.82213199139, 2.5, 0, 2.5, 0
2806.68994141, 4390.21386719, 48.8812866211, 1.82099306583, 2.5, 0, 2.5, 0
2806.26074219, 4391.72753906, 48.8574447632, 1.83548974991, 2.5, 0, 2.5, 0
2805.79931641, 4393.22119141, 48.8315048218, 1.87102138996, 2.5, 0, 2.5, 0
2805.29589844, 4394.6796875, 48.8023262024, 1.92462003231, 2.5, 0, 2.5, 0
2804.88232422, 4395.75, 48.7774467468, 1.97545659542, 2.5, 0, 2.5, 0
2804.1081543, 4397.484375, 48.7336807251, 2.07333540916, 2.5, 0, 2.5, 0
2803.41845703, 4398.78076172, 48.7017211914, 2.15641474724, 2.5, 0, 2.5, 0
2802.65942383, 4400.00927734, 48.6732673645, 2.24199867249, 2.5, 0, 2.5, 0
2801.83398438, 4401.16113281, 48.6500778198, 2.32963728905, 2.5, 0, 2.5, 0
2800.95288086, 4402.23339844, 48.6298065186, 2.41942763329, 2.5, 0, 2.5, 0
2800.02539062, 4403.22900391, 48.609161377, 2.50890803337, 2.5, 0, 2.5, 0
2799.05175781, 4404.13378906, 48.5992507935, 2.60173606873, 2.5, 0, 2.5, 0
2798.03491211, 4404.95214844, 48.594909668, 2.69941234589, 2.5, 0, 2.5, 0
2797.00024414, 4405.66650391, 48.5990409851, 2.79567575455, 2.5, 0, 2.5, 0
2795.94067383, 4406.28857422, 48.6077690125, 2.89178943634, 2.5, 0, 2.5, 0
2794.86962891, 4406.81933594, 48.6179122925, 2.98929333687, 2.5, 0, 2.5, 0
2793.79711914, 4407.26318359, 48.6265678406, 3.08655142784, 2.5, 0, 2.5, 0
2792.72973633, 4407.62939453, 48.6295013428, -3.10313081741, 2.5, 0, 2.5, 0
2791.67407227, 4407.91894531, 48.6278648376, -3.01264882088, 2.5, 0, 2.5, 0
2790.63427734, 4408.14453125, 48.6171531677, -2.9214451313, 2.5, 0, 2.5, 0
2789.62695312, 4408.30419922, 48.5989189148, -2.8290207386, 2.5, 0, 2.5, 0
2788.64550781, 4408.40380859, 48.5750350952, -2.7326567173, 2.5, 0, 2.5, 0
2787.70166016, 4408.44238281, 48.5500183105, -2.63391375542, 2.5, 0, 2.5, 0
2786.80395508, 4408.41992188, 48.5268974304, -2.53407025337, 2.5, 0, 2.5, 0
2785.95898438, 4408.33935547, 48.506275177, -2.43345618248, 2.5, 0, 2.5, 0
2785.17675781, 4408.20703125, 48.4908752441, -2.3321814537, 2.5, 0, 2.5, 0
2784.46533203, 4408.02636719, 48.4834518433, -2.22930884361, 2.5, 0, 2.5, 0
2783.82983398, 4407.80517578, 48.4811286926, -2.12646794319, 2.5, 0, 2.5, 0
2783.2746582, 4407.55322266, 48.4838256836, -2.02556538582, 2.5, 0, 2.5, 0
2782.8059082, 4407.27929688, 48.492816925, -1.92808413506, 2.5, 0, 2.5, 0
2782.42529297, 4406.99316406, 48.5041275024, -1.83354401588, 2.5, 0, 2.5, 0
2782.12768555, 4406.70507812, 48.515083313, -1.74014830589, 2.5, 0, 2.5, 0
2781.91308594, 4406.42578125, 48.5246887207, -1.64745402336, 2.5, 0, 2.5, 0
2781.76098633, 4406.10302734, 48.5345993042, -1.53078246117, 2.5, 0, 2.5, 0
2781.69726562, 4405.85498047, 48.5416793823, -1.43613648415, 2.5, 0, 2.5, 0
2781.67822266, 4405.61962891, 48.5476989746, -1.34507727623, 2.5, 0, 2.5, 0
2781.71606445, 4405.42138672, 48.5522422791, -1.27005076408, 2.5, 0, 2.5, 0
2781.7824707, 4405.29003906, 48.5550422668, -1.22030615807, 2.5, 0, 2.5, 0
2781.89135742, 4405.14990234, 48.5578117371, -1.16752696037, 2.5, 0, 2.5, 0
2782.00048828, 4405.02880859, 48.5597496033, -1.1274831295, 2.5, 0, 2.5, 0
2782.10058594, 4404.91210938, 48.5611419678, -1.09936833382, 2.5, 0, 2.5, 0
2782.18774414, 4404.796875, 48.5630302429, -1.08142971992, 2.5, 0, 2.5, 0
2782.25976562, 4404.68847656, 48.5652313232, -1.07207131386, 2.5, 0, 2.5, 0
2782.32348633, 4404.58984375, 48.5671806335, -1.06816697121, 2.5, 0, 2.5, 0
2782.38427734, 4404.50439453, 48.5690612793, -1.06653189659, 2.5, 0, 2.5, 0
2782.44335938, 4404.43359375, 48.5705986023, -1.0646378994, 2.5, 0, 2.5, 0
2782.49926758, 4404.37792969, 48.5715293884, -1.06146454811, 2.5, 0, 2.5, 0
2782.54736328, 4404.33154297, 48.5723075867, -1.05906128883, 2.5, 0, 2.5, 0
2782.58325195, 4404.29443359, 48.5731544495, -1.0616300106, 2.5, 0, 2.5, 0
2782.61083984, 4404.26708984, 48.5736045837, -1.06467270851, 2.5, 0, 2.5, 0
2782.63110352, 4404.25097656, 48.5738105774, -1.06736397743, 2.5, 0, 2.5, 0
2782.64282227, 4404.24511719, 48.573841095, -1.06953024864, 2.5, 0, 2.5, 0
2782.6484375, 4404.24658203, 48.5737991333, -1.07098269463, 2.5, 0, 2.5, 0
2782.65136719, 4404.25048828, 48.5739402771, -1.07181572914, 2.5, 0, 2.5, 0
2782.65307617, 4404.25244141, 48.5741691589, -1.0722091198, 2.5, 0, 2.5, 0
2782.65405273, 4404.25439453, 48.5743255615, -1.07241225243, 2.5, 0, 2.5, 0
2782.6550293, 4404.25585938, 48.574382782, -1.07260155678, 2.5, 0, 2.5, 0
2782.6550293, 4404.25585938, 48.574344635, -1.07274746895, 2.5, 0, 2.5, 0
2782.65527344, 4404.25585938, 48.5742683411, -1.07283949852, 2.5, 0, 2.5, 0
2782.65527344, 4404.25585938, 48.5741882324, -1.07291102409, 2.5, 0, 2.5, 0
2782.65527344, 4404.25585938, 48.5741157532, -1.0729906559, 2.5, 0, 2.5, 0
2782.65527344, 4404.25585938, 48.5740623474, -1.07302975655, 2.5, 0, 2.5, 0
2782.65527344, 4404.25585938, 48.5740623474, -1.07302975655, 2.5, 0, 2.5, 0
2782.65551758, 4404.25537109, 48.5740318298, -1.07309651375, 2.5, 0, 2.5, 0
2782.65893555, 4404.24951172, 48.5742340088, -1.07375121117, 2.5, 0, 2.5, 0
2782.6652832, 4404.23095703, 48.5748405457, -1.07637524605, 2.5, 0, 2.5, 0
2782.67431641, 4404.19580078, 48.5757102966, -1.08280920982, 2.5, 0, 2.5, 0
2782.68457031, 4404.14160156, 48.5767822266, -1.09397530556, 2.5, 0, 2.5, 0
2782.69604492, 4404.06835938, 48.578086853, -1.11031699181, 2.5, 0, 2.5, 0
2782.70825195, 4403.97509766, 48.5796775818, -1.13201928139, 2.5, 0, 2.5, 0
2782.72070312, 4403.86035156, 48.5816078186, -1.15932297707, 2.5, 0, 2.5, 0
2782.73291016, 4403.72265625, 48.5839080811, -1.19245219231, 2.5, 0, 2.5, 0
2782.74365234, 4403.56152344, 48.5865707397, -1.23183703423, 2.5, 0, 2.5, 0
2782.75170898, 4403.37646484, 48.5896453857, -1.2777941227, 2.5, 0, 2.5, 0
2782.75488281, 4403.16552734, 48.5931777954, -1.33090424538, 2.5, 0, 2.5, 0
2782.75805664, 4402.92578125, 48.5972137451, -1.38769602776, 2.5, 0, 2.5, 0
2782.77026367, 4402.65429688, 48.6016769409, -1.44244170189, 2.5, 0, 2.5, 0
2782.79394531, 4402.34960938, 48.6065292358, -1.49179720879, 2.5, 0, 2.5, 0
2782.82910156, 4402.00878906, 48.6120414734, -1.53464198112, 2.5, 0, 2.5, 0
2782.8737793, 4401.63037109, 48.6184082031, -1.57031369209, 2.5, 0, 2.5, 0
2782.93457031, 4401.21826172, 48.6248664856, -1.59342169762, 2.5, 0, 2.5, 0
2783.01464844, 4400.77929688, 48.6316795349, -1.60152411461, 2.5, 0, 2.5, 0
2783.11254883, 4400.31835938, 48.6389083862, -1.59435248375, 2.5, 0, 2.5, 0
2783.23071289, 4399.83300781, 48.6457519531, -1.57093787193, 2.5, 0, 2.5, 0
2783.36181641, 4399.31005859, 48.6530570984, -1.53436541557, 2.5, 0, 2.5, 0
2783.49462891, 4398.74365234, 48.6607284546, -1.49289822578, 2.5, 0, 2.5, 0
2783.62597656, 4398.12548828, 48.6689910889, -1.45156550407, 2.5, 0, 2.5, 0
2783.75830078, 4397.44921875, 48.6792144775, -1.41361546516, 2.5, 0, 2.5, 0
2783.88598633, 4396.71582031, 48.6898193359, -1.3873860836, 2.5, 0, 2.5, 0
2784.00244141, 4395.92529297, 48.7018890381, -1.38274645805, 2.5, 0, 2.5, 0
2784.1105957, 4395.13476562, 48.7140655518, -1.39504647255, 2.5, 0, 2.5, 0
2784.2121582, 4394.35888672, 48.7257461548, -1.41375994682, 2.5, 0, 2.5, 0
2784.31054688, 4393.58935547, 48.7383804321, -1.43230557442, 2.5, 0, 2.5, 0
2784.40966797, 4392.796875, 48.7527885437, -1.44755148888, 2.5, 0, 2.5, 0
2784.50878906, 4391.97607422, 48.7679634094, -1.45844483376, 2.5, 0, 2.5, 0
2784.60766602, 4391.12890625, 48.7833633423, -1.46482396126, 2.5, 0, 2.5, 0
2784.72412109, 4390.25976562, 48.7986984253, -1.456335783, 2.5, 0, 2.5, 0
2784.86865234, 4389.37255859, 48.8140869141, -1.42990136147, 2.5, 0, 2.5, 0
2785.03320312, 4388.46289062, 48.8298225403, -1.39843916893, 2.5, 0, 2.5, 0
2785.21533203, 4387.53173828, 48.8460540771, -1.37030100822, 2.5, 0, 2.5, 0
2785.41503906, 4386.57421875, 48.8617095947, -1.34909796715, 2.5, 0, 2.5, 0
2785.63110352, 4385.59619141, 48.8774719238, -1.33502554893, 2.5, 0, 2.5, 0
2785.86376953, 4384.59423828, 48.8936767578, -1.3267390728, 2.5, 0, 2.5, 0
2786.1105957, 4383.56884766, 48.9096908569, -1.32259821892, 2.5, 0, 2.5, 0
2786.36914062, 4382.52246094, 48.9258308411, -1.32103610039, 2.5, 0, 2.5, 0
2786.62695312, 4381.44921875, 48.9423065186, -1.32748389244, 2.5, 0, 2.5, 0
2786.87426758, 4380.35205078, 48.9592437744, -1.34431576729, 2.5, 0, 2.5, 0
2787.11621094, 4379.22802734, 48.9763793945, -1.36334395409, 2.5, 0, 2.5, 0
2787.35375977, 4378.07373047, 48.9944267273, -1.37961888313, 2.5, 0, 2.5, 0
2787.5847168, 4376.89892578, 49.0130615234, -1.39126420021, 2.5, 0, 2.5, 0
2787.8112793, 4375.69628906, 49.0320549011, -1.39851641655, 2.5, 0, 2.5, 0
2788.03442383, 4374.46826172, 49.0510597229, -1.40227675438, 2.5, 0, 2.5, 0
2788.25610352, 4373.21630859, 49.0703315735, -1.40368819237, 2.5, 0, 2.5, 0
2788.4777832, 4371.94042969, 49.0891456604, -1.40379166603, 2.5, 0, 2.5, 0
2788.70019531, 4370.64208984, 49.1079788208, -1.40337872505, 2.5, 0, 2.5, 0
2788.92553711, 4369.32080078, 49.1280174255, -1.40294671059, 2.5, 0, 2.5, 0
2789.15380859, 4367.97558594, 49.1479759216, -1.40216946602, 2.5, 0, 2.5, 0
2789.38574219, 4366.60791016, 49.1687850952, -1.401252985, 2.5, 0, 2.5, 0
2789.62182617, 4365.21484375, 49.1905174255, -1.40054488182, 2.5, 0, 2.5, 0
2789.87231445, 4363.80322266, 49.2125778198, -1.39386057854, 2.5, 0, 2.5, 0
2790.15893555, 4362.37988281, 49.2344894409, -1.3696744442, 2.5, 0, 2.5, 0
2790.49267578, 4360.95361328, 49.2561035156, -1.32741856575, 2.5, 0, 2.5, 0
2790.87548828, 4359.52197266, 49.2776756287, -1.27796435356, 2.5, 0, 2.5, 0
2791.30688477, 4358.08056641, 49.2992782593, -1.23391509056, 2.5, 0, 2.5, 0
2791.78295898, 4356.63671875, 49.3204727173, -1.20140051842, 2.5, 0, 2.5, 0
2792.30078125, 4355.1875, 49.3419647217, -1.18079972267, 2.5, 0, 2.5, 0
2792.85400391, 4353.73291016, 49.3633499146, -1.17011427879, 2.5, 0, 2.5, 0
2793.4362793, 4352.26953125, 49.3848190308, -1.16624951363, 2.5, 0, 2.5, 0
2794.03979492, 4350.79931641, 49.4060707092, -1.16619467735, 2.5, 0, 2.5, 0
2794.65917969, 4349.31738281, 49.4259223938, -1.1672513485, 2.5, 0, 2.5, 0
2795.29223633, 4347.82177734, 49.4452056885, -1.16877865791, 2.5, 0, 2.5, 0
2795.92626953, 4346.33056641, 49.4651947021, -1.16964125633, 2.5, 0, 2.5, 0
2796.55517578, 4344.85400391, 49.4849891663, -1.16953873634, 2.5, 0, 2.5, 0
2797.1784668, 4343.39208984, 49.5042495728, -1.16887307167, 2.5, 0, 2.5, 0
2797.80615234, 4341.921875, 49.5236434937, -1.16798901558, 2.5, 0, 2.5, 0
2798.43945312, 4340.43896484, 49.5430831909, -1.16720223427, 2.5, 0, 2.5, 0
2799.07885742, 4338.94335938, 49.5617256165, -1.16670107841, 2.5, 0, 2.5, 0
2799.72363281, 4337.43408203, 49.5789871216, -1.16669249535, 2.5, 0, 2.5, 0
2800.36279297, 4335.90576172, 49.5950202942, -1.17482352257, 2.5, 0, 2.5, 0
2800.9934082, 4334.35546875, 49.6117668152, -1.19029450417, 2.5, 0, 2.5, 0
2801.61621094, 4332.78417969, 49.6277046204, -1.20657277107, 2.5, 0, 2.5, 0
2802.23120117, 4331.19140625, 49.6423301697, -1.22008442879, 2.5, 0, 2.5, 0
2802.83740234, 4329.58056641, 49.6564788818, -1.22927594185, 2.5, 0, 2.5, 0
2803.42749023, 4327.94677734, 49.6702957153, -1.24000811577, 2.5, 0, 2.5, 0
2803.98706055, 4326.28662109, 49.6839561462, -1.26179099083, 2.5, 0, 2.5, 0
2804.51733398, 4324.60986328, 49.6972732544, -1.28774905205, 2.5, 0, 2.5, 0
2805.02368164, 4322.90722656, 49.7105331421, -1.31106305122, 2.5, 0, 2.5, 0
2805.51171875, 4321.18310547, 49.7231864929, -1.32564234734, 2.5, 0, 2.5, 0
2806.00585938, 4319.44189453, 49.7350730896, -1.31837821007, 2.5, 0, 2.5, 0
2806.52368164, 4317.69042969, 49.7470207214, -1.28825831413, 2.5, 0, 2.5, 0
2807.07104492, 4315.92675781, 49.7590484619, -1.2502348423, 2.5, 0, 2.5, 0
2807.65380859, 4314.15380859, 49.7709503174, -1.21604037285, 2.5, 0, 2.5, 0
2808.27587891, 4312.375, 49.7823028564, -1.19115567207, 2.5, 0, 2.5, 0
2808.93408203, 4310.59716797, 49.7926940918, -1.17645144463, 2.5, 0, 2.5, 0
2809.45117188, 4309.25878906, 49.8000106812, -1.17087054253, 2.5, 0, 2.5, 0
2810.34667969, 4307.02197266, 49.8112716675, -1.16811490059, 2.5, 0, 2.5, 0
2811.0859375, 4305.22705078, 49.8197860718, -1.16878247261, 2.5, 0, 2.5, 0
2811.84106445, 4303.42041016, 49.8274688721, -1.16998648643, 2.5, 0, 2.5, 0
2812.60717773, 4301.60205078, 49.8331298828, -1.17126250267, 2.5, 0, 2.5, 0
2813.38354492, 4299.76660156, 49.839389801, -1.1729414463, 2.5, 0, 2.5, 0
2814.16674805, 4297.91503906, 49.8453216553, -1.1741631031, 2.5, 0, 2.5, 0
2814.95117188, 4296.04541016, 49.8507156372, -1.1773917675, 2.5, 0, 2.5, 0
2815.71850586, 4294.1484375, 49.8559379578, -1.19376540184, 2.5, 0, 2.5, 0
2816.45043945, 4292.24072266, 49.860496521, -1.22300982475, 2.5, 0, 2.5, 0
2817.15478516, 4290.30224609, 49.8644828796, -1.25458264351, 2.5, 0, 2.5, 0
2817.8269043, 4288.33935547, 49.8681335449, -1.28055548668, 2.5, 0, 2.5, 0
2818.46679688, 4286.35400391, 49.8710594177, -1.29799866676, 2.5, 0, 2.5, 0
2819.07788086, 4284.34960938, 49.8732528687, -1.30762505531, 2.5, 0, 2.5, 0
2819.67089844, 4282.328125, 49.8748435974, -1.30858063698, 2.5, 0, 2.5, 0
2820.26879883, 4280.29541016, 49.875328064, -1.29492259026, 2.5, 0, 2.5, 0
2820.87866211, 4278.25244141, 49.8746871948, -1.27456212044, 2.5, 0, 2.5, 0
2821.66040039, 4275.70556641, 49.8732948303, -1.25157618523, 2.5, 0, 2.5, 0
2822.31689453, 4273.64013672, 49.8712768555, -1.23926901817, 2.5, 0, 2.5, 0
2822.98364258, 4271.60400391, 49.8687782288, -1.23291039467, 2.5, 0, 2.5, 0
2823.67358398, 4269.54785156, 49.8643836975, -1.23093056679, 2.5, 0, 2.5, 0
2824.37890625, 4267.48681641, 49.8588294983, -1.2316095829, 2.5, 0, 2.5, 0
2825.09521484, 4265.41845703, 49.8526077271, -1.23305583, 2.5, 0, 2.5, 0
2825.81884766, 4263.34326172, 49.8454055786, -1.23432850838, 2.5, 0, 2.5, 0
2826.54736328, 4261.25976562, 49.8369598389, -1.23499417305, 2.5, 0, 2.5, 0
2827.2800293, 4259.16845703, 49.8278083801, -1.2347304821, 2.5, 0, 2.5, 0
2828.02856445, 4257.07617188, 49.8175964355, -1.22573065758, 2.5, 0, 2.5, 0
2828.81054688, 4254.98876953, 49.8062934875, -1.2015349865, 2.5, 0, 2.5, 0
2829.61914062, 4252.92333984, 49.79479599, -1.17203688622, 2.5, 0, 2.5, 0
2830.45214844, 4250.88769531, 49.7839050293, -1.1456887722, 2.5, 0, 2.5, 0
2831.31054688, 4248.88330078, 49.7738189697, -1.1266067028, 2.5, 0, 2.5, 0
2832.19165039, 4246.90917969, 49.7645874023, -1.11534905434, 2.5, 0, 2.5, 0
2833.09130859, 4244.96142578, 49.7562561035, -1.11030602455, 2.5, 0, 2.5, 0
2834.00195312, 4243.04150391, 49.7487258911, -1.10900187492, 2.5, 0, 2.5, 0
2834.91943359, 4241.14208984, 49.7419395447, -1.10920166969, 2.5, 0, 2.5, 0
2836.06689453, 4238.79931641, 49.7345275879, -1.1096637249, 2.5, 0, 2.5, 0
2836.98193359, 4236.9453125, 49.7279014587, -1.1100332737, 2.5, 0, 2.5, 0
2837.89257812, 4235.10839844, 49.7216911316, -1.10992360115, 2.5, 0, 2.5, 0
2838.7980957, 4233.28564453, 49.7162055969, -1.10932898521, 2.5, 0, 2.5, 0
2839.69677734, 4231.47998047, 49.7110137939, -1.1085588932, 2.5, 0, 2.5, 0
2840.58789062, 4229.69042969, 49.7065887451, -1.10825896263, 2.5, 0, 2.5, 0
2841.45703125, 4227.91064453, 49.7032241821, -1.11729216576, 2.5, 0, 2.5, 0
2842.2878418, 4226.13330078, 49.7004776001, -1.14279484749, 2.5, 0, 2.5, 0
2843.08227539, 4224.35888672, 49.6982421875, -1.17466807365, 2.5, 0, 2.5, 0
2843.84008789, 4222.58789062, 49.6964836121, -1.20352292061, 2.5, 0, 2.5, 0
2844.56103516, 4220.82128906, 49.6950035095, -1.22501349449, 2.5, 0, 2.5, 0
2845.24707031, 4219.05859375, 49.6936950684, -1.23837828636, 2.5, 0, 2.5, 0
2845.90185547, 4217.30419922, 49.6930656433, -1.24514079094, 2.5, 0, 2.5, 0
2846.53076172, 4215.55810547, 49.6929702759, -1.24754738808, 2.5, 0, 2.5, 0
2847.13964844, 4213.82275391, 49.6933364868, -1.24777722359, 2.5, 0, 2.5, 0
2847.73364258, 4212.09863281, 49.6939964294, -1.2473013401, 2.5, 0, 2.5, 0
2848.31542969, 4210.38964844, 49.6948661804, -1.24694228172, 2.5, 0, 2.5, 0
2848.88818359, 4208.69482422, 49.6958427429, -1.24682116508, 2.5, 0, 2.5, 0
2849.4543457, 4207.01318359, 49.6970558167, -1.24697232246, 2.5, 0, 2.5, 0
2850.01367188, 4205.34716797, 49.6986351013, -1.24729561806, 2.5, 0, 2.5, 0
2850.56762695, 4203.69677734, 49.7002754211, -1.24753928185, 2.5, 0, 2.5, 0
2851.1159668, 4202.06152344, 49.7022438049, -1.24769377708, 2.5, 0, 2.5, 0
2851.66064453, 4200.43652344, 49.704460144, -1.247787714, 2.5, 0, 2.5, 0
2852.19702148, 4198.83447266, 49.7068634033, -1.2478454113, 2.5, 0, 2.5, 0
2852.72851562, 4197.24707031, 49.7094726562, -1.24787974358, 2.5, 0, 2.5, 0
2853.25585938, 4195.671875, 49.712348938, -1.24790072441, 2.5, 0, 2.5, 0
2853.77783203, 4194.11279297, 49.7156219482, -1.24791359901, 2.5, 0, 2.5, 0
2854.29516602, 4192.56787109, 49.7188262939, -1.24792122841, 2.5, 0, 2.5, 0
2854.80712891, 4191.03857422, 49.7222061157, -1.24792408943, 2.5, 0, 2.5, 0
2855.31445312, 4189.5234375, 49.7256469727, -1.24792408943, 2.5, 0, 2.5, 0
2855.81567383, 4188.02587891, 49.7291793823, -1.24792361259, 2.5, 0, 2.5, 0
2856.3125, 4186.54101562, 49.7328491211, -1.24792265892, 2.5, 0, 2.5, 0
2856.81567383, 4185.07568359, 49.7369651794, -1.24108242989, 2.5, 0, 2.5, 0
2857.34667969, 4183.64160156, 49.7412033081, -1.21493506432, 2.5, 0, 2.5, 0
2857.90722656, 4182.23828125, 49.745426178, -1.17517399788, 2.5, 0, 2.5, 0
2858.4921875, 4180.86181641, 49.7495193481, -1.13531661034, 2.5, 0, 2.5, 0
2859.09863281, 4179.51513672, 49.7536430359, -1.10284924507, 2.5, 0, 2.5, 0
2859.72509766, 4178.1953125, 49.7574005127, -1.08045744896, 2.5, 0, 2.5, 0
2860.36962891, 4176.90039062, 49.7611579895, -1.06742787361, 2.5, 0, 2.5, 0
2861.01928711, 4175.62939453, 49.7650108337, -1.06516432762, 2.5, 0, 2.5, 0
2861.6472168, 4174.36523438, 49.768787384, -1.08530306816, 2.5, 0, 2.5, 0
2862.24047852, 4173.10546875, 49.7723960876, -1.12486815453, 2.5, 0, 2.5, 0
2862.80419922, 4171.85302734, 49.7768516541, -1.16789746284, 2.5, 0, 2.5, 0
2863.33911133, 4170.60351562, 49.7816238403, -1.2042491436, 2.5, 0, 2.5, 0
2863.84448242, 4169.359375, 49.7863693237, -1.23012471199, 2.5, 0, 2.5, 0
2864.32275391, 4168.12011719, 49.7909469604, -1.24586749077, 2.5, 0, 2.5, 0
2864.77734375, 4166.88916016, 49.7962989807, -1.25407147408, 2.5, 0, 2.5, 0
2865.21411133, 4165.65966797, 49.801399231, -1.25706934929, 2.5, 0, 2.5, 0
2865.62890625, 4164.45556641, 49.8067932129, -1.25691914558, 2.5, 0, 2.5, 0
2866.03417969, 4163.25537109, 49.8122558594, -1.25556635857, 2.5, 0, 2.5, 0
2866.4296875, 4162.06738281, 49.8177452087, -1.25414538383, 2.5, 0, 2.5, 0
2866.91479492, 4160.60205078, 49.8250846863, -1.25311636925, 2.5, 0, 2.5, 0
2867.29663086, 4159.44482422, 49.8302764893, -1.25300812721, 2.5, 0, 2.5, 0
2867.67431641, 4158.29882812, 49.8354797363, -1.25299668312, 2.5, 0, 2.5, 0
2868.05664062, 4157.13720703, 49.8413505554, -1.2529861927, 2.5, 0, 2.5, 0
2868.44628906, 4155.95361328, 49.8474197388, -1.25295090675, 2.5, 0, 2.5, 0
2868.84423828, 4154.74414062, 49.8525733948, -1.25349736214, 2.5, 0, 2.5, 0
2869.25439453, 4153.49609375, 49.8583602905, -1.25739693642, 2.5, 0, 2.5, 0
2869.67602539, 4152.20458984, 49.8651847839, -1.26316618919, 2.5, 0, 2.5, 0
2870.10571289, 4150.87402344, 49.8723297119, -1.26864314079, 2.5, 0, 2.5, 0
2870.54052734, 4149.50976562, 49.8795700073, -1.27268433571, 2.5, 0, 2.5, 0
2870.97998047, 4148.11376953, 49.8869552612, -1.27511525154, 2.5, 0, 2.5, 0
2871.42236328, 4146.69287109, 49.8945846558, -1.27622532845, 2.5, 0, 2.5, 0
2871.8684082, 4145.24707031, 49.9023590088, -1.27647423744, 2.5, 0, 2.5, 0
2872.3190918, 4143.77832031, 49.9102210999, -1.27628397942, 2.5, 0, 2.5, 0
2872.7746582, 4142.28955078, 49.9181632996, -1.27597308159, 2.5, 0, 2.5, 0
2873.23413086, 4140.78369141, 49.9265441895, -1.27572464943, 2.5, 0, 2.5, 0
2873.69750977, 4139.26171875, 49.935256958, -1.27567028999, 2.5, 0, 2.5, 0
2874.1652832, 4137.72460938, 49.9442939758, -1.27572894096, 2.5, 0, 2.5, 0
2874.63867188, 4136.16845703, 49.9535636902, -1.27582192421, 2.5, 0, 2.5, 0
2875.10913086, 4134.62060547, 49.9628601074, -1.27589154243, 2.5, 0, 2.5, 0
2875.57592773, 4133.08496094, 49.9721794128, -1.27593827248, 2.5, 0, 2.5, 0
2876.0378418, 4131.56494141, 49.9816665649, -1.27596640587, 2.5, 0, 2.5, 0
2876.50268555, 4130.03564453, 49.9913749695, -1.27597594261, 2.5, 0, 2.5, 0
2876.97216797, 4128.49023438, 50.0013771057, -1.27597355843, 2.5, 0, 2.5, 0
2877.4453125, 4126.93212891, 50.0116043091, -1.27596688271, 2.5, 0, 2.5, 0
2877.92236328, 4125.36279297, 50.0218505859, -1.2759578228, 2.5, 0, 2.5, 0
2878.40429688, 4123.77685547, 50.0320739746, -1.27594828606, 2.5, 0, 2.5, 0
2878.89111328, 4122.17431641, 50.0423812866, -1.27593970299, 2.5, 0, 2.5, 0
2879.38134766, 4120.56103516, 50.0524787903, -1.27597689629, 2.5, 0, 2.5, 0
2879.87573242, 4118.93310547, 50.063167572, -1.27612280846, 2.5, 0, 2.5, 0
2880.37573242, 4117.28662109, 50.0741767883, -1.276293993, 2.5, 0, 2.5, 0
2880.87890625, 4115.63037109, 50.0852508545, -1.27647137642, 2.5, 0, 2.5, 0
2881.38574219, 4113.95996094, 50.0967826843, -1.27665448189, 2.5, 0, 2.5, 0
2881.89746094, 4112.27246094, 50.1085166931, -1.27680039406, 2.5, 0, 2.5, 0
2882.41210938, 4110.57519531, 50.1203994751, -1.27692389488, 2.5, 0, 2.5, 0
2882.93139648, 4108.86132812, 50.1326522827, -1.2770178318, 2.5, 0, 2.5, 0
2883.4543457, 4107.13574219, 50.1449890137, -1.27708315849, 2.5, 0, 2.5, 0
2883.98144531, 4105.39453125, 50.1575050354, -1.27711606026, 2.5, 0, 2.5, 0
2884.51269531, 4103.63916016, 50.1702766418, -1.27713322639, 2.5, 0, 2.5, 0
2885.04760742, 4101.87158203, 50.1830940247, -1.2771384716, 2.5, 0, 2.5, 0
2885.58666992, 4100.09082031, 50.196056366, -1.27713704109, 2.5, 0, 2.5, 0
2886.12988281, 4098.29638672, 50.2091598511, -1.27713179588, 2.5, 0, 2.5, 0
2886.67675781, 4096.48974609, 50.2224235535, -1.27712464333, 2.5, 0, 2.5, 0
2887.22753906, 4094.67016602, 50.2360076904, -1.27711462975, 2.5, 0, 2.5, 0
2887.78198242, 4092.83813477, 50.2498626709, -1.277105093, 2.5, 0, 2.5, 0
2888.34033203, 4090.99291992, 50.2638816833, -1.27709317207, 2.5, 0, 2.5, 0
2888.90258789, 4089.13500977, 50.2781066895, -1.27708506584, 2.5, 0, 2.5, 0
2889.46826172, 4087.26586914, 50.2925682068, -1.27707839012, 2.5, 0, 2.5, 0
2890.03808594, 4085.3840332, 50.3075752258, -1.27706980705, 2.5, 0, 2.5, 0
2890.61157227, 4083.49047852, 50.3223648071, -1.27703404427, 2.5, 0, 2.5, 0
2891.18334961, 4081.60253906, 50.3370666504, -1.27700400352, 2.5, 0, 2.5, 0
2891.74902344, 4079.73291016, 50.3518066406, -1.27698779106, 2.5, 0, 2.5, 0
2892.31054688, 4077.87866211, 50.3665390015, -1.27698159218, 2.5, 0, 2.5, 0
2892.86669922, 4076.04150391, 50.3811721802, -1.27698349953, 2.5, 0, 2.5, 0
2893.41918945, 4074.21728516, 50.3957366943, -1.27699303627, 2.5, 0, 2.5, 0
2893.96557617, 4072.41381836, 50.4098434448, -1.2770049572, 2.5, 0, 2.5, 0
2894.50634766, 4070.62890625, 50.4240837097, -1.27702927589, 2.5, 0, 2.5, 0
2895.04296875, 4068.85742188, 50.4384422302, -1.27705359459, 2.5, 0, 2.5, 0
2895.57470703, 4067.1015625, 50.4524765015, -1.27708172798, 2.5, 0, 2.5, 0
2896.10205078, 4065.36157227, 50.4662780762, -1.27711081505, 2.5, 0, 2.5, 0
2896.62426758, 4063.63745117, 50.4798774719, -1.27742028236, 2.5, 0, 2.5, 0
2897.12597656, 4061.92626953, 50.4937286377, -1.28721213341, 2.5, 0, 2.5, 0
2897.59350586, 4060.22460938, 50.5077133179, -1.31102776527, 2.5, 0, 2.5, 0
2898.03149414, 4058.53369141, 50.5220031738, -1.33882403374, 2.5, 0, 2.5, 0
2898.44091797, 4056.85302734, 50.5369186401, -1.36326956749, 2.5, 0, 2.5, 0
2898.82373047, 4055.17700195, 50.5519256592, -1.38106942177, 2.5, 0, 2.5, 0
2899.17773438, 4053.52392578, 50.5671310425, -1.39192080498, 2.5, 0, 2.5, 0
2899.51123047, 4051.87866211, 50.5814971924, -1.39771866798, 2.5, 0, 2.5, 0
2899.82641602, 4050.24658203, 50.595703125, -1.39977574348, 2.5, 0, 2.5, 0
2900.12719727, 4048.62866211, 50.6094512939, -1.39994692802, 2.5, 0, 2.5, 0
2900.41723633, 4047.02490234, 50.6233291626, -1.39926838875, 2.5, 0, 2.5, 0
2900.69946289, 4045.43603516, 50.6371421814, -1.39856314659, 2.5, 0, 2.5, 0
2900.97607422, 4043.86279297, 50.6508522034, -1.39815545082, 2.5, 0, 2.5, 0
2901.25073242, 4042.29321289, 50.6646766663, -1.3979279995, 2.5, 0, 2.5, 0
2901.52709961, 4040.70922852, 50.6789093018, -1.39785075188, 2.5, 0, 2.5, 0
2901.80566406, 4039.11108398, 50.6932296753, -1.39784121513, 2.5, 0, 2.5, 0
2902.08691406, 4037.4987793, 50.7075614929, -1.39780068398, 2.5, 0, 2.5, 0
2902.37084961, 4035.87109375, 50.7218475342, -1.39774727821, 2.5, 0, 2.5, 0
2902.65795898, 4034.22680664, 50.7361717224, -1.3976957798, 2.5, 0, 2.5, 0
2902.94750977, 4032.57006836, 50.7508888245, -1.39767050743, 2.5, 0, 2.5, 0
2903.23974609, 4030.89916992, 50.7652626038, -1.39768147469, 2.5, 0, 2.5, 0
2903.53442383, 4029.21362305, 50.7796325684, -1.39770483971, 2.5, 0, 2.5, 0
2903.83178711, 4027.51367188, 50.7940979004, -1.39772868156, 2.5, 0, 2.5, 0
2904.13134766, 4025.79956055, 50.8090248108, -1.39776873589, 2.5, 0, 2.5, 0
2904.43334961, 4024.07299805, 50.824005127, -1.39778351784, 2.5, 0, 2.5, 0
2904.7331543, 4022.35717773, 50.8389854431, -1.39787507057, 2.5, 0, 2.5, 0
2905.02954102, 4020.65795898, 50.8541374207, -1.39770483971, 2.5, 0, 2.5, 0
2905.32373047, 4018.97387695, 50.8687858582, -1.39758324623, 2.5, 0, 2.5, 0
2905.61474609, 4017.30981445, 50.8829650879, -1.39749932289, 2.5, 0, 2.5, 0
2905.90356445, 4015.65917969, 50.896686554, -1.39747166634, 2.5, 0, 2.5, 0
2906.18945312, 4014.0234375, 50.9105415344, -1.39746785164, 2.5, 0, 2.5, 0
2906.47241211, 4012.40625, 50.9244422913, -1.39746403694, 2.5, 0, 2.5, 0
2906.75292969, 4010.80322266, 50.9382362366, -1.39746117592, 2.5, 0, 2.5, 0
2907.03076172, 4009.21630859, 50.9518661499, -1.39745879173, 2.5, 0, 2.5, 0
2907.3059082, 4007.64355469, 50.9652862549, -1.39745640755, 2.5, 0, 2.5, 0
2907.578125, 4006.08764648, 50.9784889221, -1.3974545002, 2.5, 0, 2.5, 0
2907.84765625, 4004.54858398, 50.9915733337, -1.39745163918, 2.5, 0, 2.5, 0
2908.11450195, 4003.02490234, 51.0045661926, -1.39744782448, 2.5, 0, 2.5, 0
2908.37841797, 4001.51660156, 51.0174942017, -1.39744496346, 2.5, 0, 2.5, 0
2908.6394043, 4000.02392578, 51.0303192139, -1.3974416256, 2.5, 0, 2.5, 0
2908.89990234, 3998.53564453, 51.0433654785, -1.39743638039, 2.5, 0, 2.5, 0
2909.16308594, 3997.03271484, 51.0570335388, -1.39742684364, 2.5, 0, 2.5, 0
2909.4284668, 3995.51513672, 51.0708122253, -1.39741587639, 2.5, 0, 2.5, 0
2909.69677734, 3993.98266602, 51.0844802856, -1.39740538597, 2.5, 0, 2.5, 0
2909.96801758, 3992.43359375, 51.097984314, -1.3973968029, 2.5, 0, 2.5, 0
2910.24169922, 3990.87133789, 51.1113548279, -1.39739060402, 2.5, 0, 2.5, 0
2910.51782227, 3989.29370117, 51.1242179871, -1.39747977257, 2.5, 0, 2.5, 0
2910.796875, 3987.69995117, 51.1376914978, -1.39777588844, 2.5, 0, 2.5, 0
2911.07861328, 3986.08886719, 51.1513061523, -1.39810442924, 2.5, 0, 2.5, 0
2911.36206055, 3984.46533203, 51.1649665833, -1.39838957787, 2.5, 0, 2.5, 0
2911.64770508, 3982.82641602, 51.1787185669, -1.39860892296, 2.5, 0, 2.5, 0
2911.93579102, 3981.17114258, 51.1924057007, -1.39878296852, 2.5, 0, 2.5, 0
2912.22607422, 3979.50146484, 51.2060775757, -1.39930844307, 2.5, 0, 2.5, 0
2912.51855469, 3977.81567383, 51.2203369141, -1.4000313282, 2.5, 0, 2.5, 0
2912.8125, 3976.1171875, 51.2351951599, -1.40077471733, 2.5, 0, 2.5, 0
2913.10375977, 3974.42773438, 51.2495193481, -1.4011733532, 2.5, 0, 2.5, 0
2913.39160156, 3972.75292969, 51.2636756897, -1.40139460564, 2.5, 0, 2.5, 0
2913.67578125, 3971.09570312, 51.277671814, -1.40154719353, 2.5, 0, 2.5, 0
2913.95654297, 3969.45385742, 51.2914962769, -1.40165066719, 2.5, 0, 2.5, 0
2914.234375, 3967.82885742, 51.3049240112, -1.4018061161, 2.5, 0, 2.5, 0
2914.5090332, 3966.22070312, 51.3175163269, -1.40183568001, 2.5, 0, 2.5, 0
2914.78125, 3964.62695312, 51.3302001953, -1.40166211128, 2.5, 0, 2.5, 0
2915.05078125, 3963.04956055, 51.3425559998, -1.40158343315, 2.5, 0, 2.5, 0
2915.31811523, 3961.48754883, 51.3542442322, -1.40168356895, 2.5, 0, 2.5, 0
2915.58276367, 3959.94042969, 51.3667411804, -1.40174365044, 2.5, 0, 2.5, 0
2915.84448242, 3958.40869141, 51.3792991638, -1.4017727375, 2.5, 0, 2.5, 0
2916.10351562, 3956.89404297, 51.3909645081, -1.40184664726, 2.5, 0, 2.5, 0
2916.36010742, 3955.39453125, 51.4023475647, -1.40206503868, 2.5, 0, 2.5, 0
2916.61425781, 3953.90893555, 51.414352417, -1.40219759941, 2.5, 0, 2.5, 0
2916.86474609, 3952.44140625, 51.4262580872, -1.40228199959, 2.5, 0, 2.5, 0
2917.11303711, 3950.98681641, 51.4379310608, -1.40233540535, 2.5, 0, 2.5, 0
2917.35839844, 3949.5480957, 51.4492263794, -1.40237259865, 2.5, 0, 2.5, 0
2917.60107422, 3948.12475586, 51.4602012634, -1.40240263939, 2.5, 0, 2.5, 0
2917.84155273, 3946.71630859, 51.4709777832, -1.40243029594, 2.5, 0, 2.5, 0
2918.07910156, 3945.32397461, 51.4820594788, -1.40243220329, 2.5, 0, 2.5, 0
2918.31396484, 3943.94702148, 51.4925308228, -1.40244364738, 2.5, 0, 2.5, 0
2918.54638672, 3942.58422852, 51.5028877258, -1.40246415138, 2.5, 0, 2.5, 0
2918.77636719, 3941.23681641, 51.5131645203, -1.40240168571, 2.5, 0, 2.5, 0
2919.00415039, 3939.90307617, 51.5223350525, -1.40218234062, 2.5, 0, 2.5, 0
2919.22924805, 3938.58422852, 51.5314025879, -1.4021384716, 2.5, 0, 2.5, 0
2919.45166016, 3937.28173828, 51.5395622253, -1.40231728554, 2.5, 0, 2.5, 0
2919.67236328, 3935.99267578, 51.5482139587, -1.40247750282, 2.5, 0, 2.5, 0
2919.88964844, 3934.71923828, 51.5569038391, -1.40258479118, 2.5, 0, 2.5, 0
2920.09716797, 3933.46020508, 51.565700531, -1.40657114983, 2.5, 0, 2.5, 0
2920.27172852, 3932.21118164, 51.5749359131, -1.42801785469, 2.5, 0, 2.5, 0
2920.41699219, 3930.98022461, 51.5842475891, -1.45953917503, 2.5, 0, 2.5, 0
2920.54003906, 3929.75854492, 51.5932693481, -1.49035191536, 2.5, 0, 2.5, 0
2920.64355469, 3928.55126953, 51.6021614075, -1.51487326622, 2.5, 0, 2.5, 0
2920.72875977, 3927.35986328, 51.6110458374, -1.53159928322, 2.5, 0, 2.5, 0
2920.79785156, 3926.1809082, 51.6200370789, -1.5414249897, 2.5, 0, 2.5, 0
2920.85449219, 3925.00170898, 51.628742218, -1.5461833477, 2.5, 0, 2.5, 0
2920.90161133, 3923.80126953, 51.6383209229, -1.54745411873, 2.5, 0, 2.5, 0
2920.94213867, 3922.57495117, 51.6482009888, -1.54672837257, 2.5, 0, 2.5, 0
2920.97924805, 3921.32324219, 51.6581687927, -1.54521679878, 2.5, 0, 2.5, 0
2921.01464844, 3920.05029297, 51.668056488, -1.5437438488, 2.5, 0, 2.5, 0
2921.05053711, 3918.75048828, 51.6777496338, -1.54257130623, 2.5, 0, 2.5, 0
2921.08740234, 3917.4309082, 51.6874427795, -1.54178833961, 2.5, 0, 2.5, 0
2921.12573242, 3916.08496094, 51.6972084045, -1.54133439064, 2.5, 0, 2.5, 0
2921.16601562, 3914.71630859, 51.7069358826, -1.54104828835, 2.5, 0, 2.5, 0
2921.20751953, 3913.32495117, 51.7168464661, -1.54084181786, 2.5, 0, 2.5, 0
2921.25, 3911.91235352, 51.7266235352, -1.54072499275, 2.5, 0, 2.5, 0
2921.29370117, 3910.47607422, 51.736530304, -1.54060578346, 2.5, 0, 2.5, 0
2921.33837891, 3909.01489258, 51.7464599609, -1.54050326347, 2.5, 0, 2.5, 0
2921.38330078, 3907.54492188, 51.7564582825, -1.54042506218, 2.5, 0, 2.5, 0
2921.42919922, 3906.05078125, 51.7665519714, -1.54035115242, 2.5, 0, 2.5, 0
2921.47607422, 3904.53735352, 51.7768745422, -1.54027152061, 2.5, 0, 2.5, 0
2921.51123047, 3903.40063477, 51.7844161987, -1.54022336006, 2.5, 0, 2.5, 0
2921.56933594, 3901.52539062, 51.7968177795, -1.54016709328, 2.5, 0, 2.5, 0
2921.60375977, 3900.41699219, 51.8041381836, -1.54014754295, 2.5, 0, 2.5, 0
2921.66088867, 3898.57983398, 51.816280365, -1.54013323784, 2.5, 0, 2.5, 0
2921.70581055, 3897.13647461, 51.82554245, -1.54013371468, 2.5, 0, 2.5, 0
2921.75073242, 3895.70288086, 51.8345756531, -1.5401403904, 2.5, 0, 2.5, 0
2921.79223633, 3894.28564453, 51.8433952332, -1.54167962074, 2.5, 0, 2.5, 0
2921.81005859, 3892.88378906, 51.8524513245, -1.55649113655, 2.5, 0, 2.5, 0
2921.8046875, 3891.50195312, 51.8614654541, -1.58058524132, 2.5, 0, 2.5, 0
2921.78173828, 3890.13305664, 51.8702659607, -1.60497260094, 2.5, 0, 2.5, 0
2921.74243164, 3888.78198242, 51.8788795471, -1.6247189045, 2.5, 0, 2.5, 0
2921.68798828, 3887.44580078, 51.8875923157, -1.63837790489, 2.5, 0, 2.5, 0
2921.62036133, 3886.12280273, 51.8963432312, -1.64639163017, 2.5, 0, 2.5, 0
2921.53955078, 3884.78564453, 51.905582428, -1.65002131462, 2.5, 0, 2.5, 0
2921.44824219, 3883.42578125, 51.9152946472, -1.65067839622, 2.5, 0, 2.5, 0
2921.34863281, 3882.04467773, 51.9244499207, -1.64955973625, 2.5, 0, 2.5, 0
2921.2434082, 3880.63793945, 51.9334259033, -1.64791893959, 2.5, 0, 2.5, 0
2921.13500977, 3879.20849609, 51.9418830872, -1.64625763893, 2.5, 0, 2.5, 0
2921.02416992, 3877.75512695, 51.950553894, -1.64481806755, 2.5, 0, 2.5, 0
2920.91235352, 3876.27978516, 51.9592895508, -1.64387631416, 2.5, 0, 2.5, 0
2920.80004883, 3874.78295898, 51.968170166, -1.64340567589, 2.5, 0, 2.5, 0
2920.68701172, 3873.2668457, 51.9769477844, -1.64326834679, 2.5, 0, 2.5, 0
2920.57348633, 3871.73071289, 51.9857215881, -1.64330410957, 2.5, 0, 2.5, 0
2920.45947266, 3870.17919922, 51.9944076538, -1.6433236599, 2.5, 0, 2.5, 0
2920.34472656, 3868.60839844, 52.0030403137, -1.64324593544, 2.5, 0, 2.5, 0
2920.22900391, 3867.01904297, 52.0116233826, -1.64313149452, 2.5, 0, 2.5, 0
2920.11254883, 3865.4140625, 52.0200881958, -1.6430208683, 2.5, 0, 2.5, 0
2919.99536133, 3863.79711914, 52.0285072327, -1.64292645454, 2.5, 0, 2.5, 0
2919.87792969, 3862.17504883, 52.0369262695, -1.64285635948, 2.5, 0, 2.5, 0
2919.76220703, 3860.57006836, 52.0455284119, -1.6428425312, 2.5, 0, 2.5, 0
2919.64770508, 3858.97924805, 52.0537490845, -1.64282727242, 2.5, 0, 2.5, 0
2919.53295898, 3857.38549805, 52.0620040894, -1.64281773567, 2.5, 0, 2.5, 0
2919.41699219, 3855.77636719, 52.0702552795, -1.6428091526, 2.5, 0, 2.5, 0
2919.30029297, 3854.15722656, 52.0783691406, -1.6428000927, 2.5, 0, 2.5, 0
2919.18261719, 3852.52075195, 52.0861816406, -1.64278817177, 2.5, 0, 2.5, 0
2919.0637207, 3850.86889648, 52.093875885, -1.64277720451, 2.5, 0, 2.5, 0
2918.9440918, 3849.2019043, 52.1014289856, -1.64277005196, 2.5, 0, 2.5, 0
2918.82348633, 3847.52319336, 52.1088523865, -1.6427667141, 2.5, 0, 2.5, 0
2918.70166016, 3845.82666016, 52.1163024902, -1.64276623726, 2.5, 0, 2.5, 0
2918.57885742, 3844.11645508, 52.1232376099, -1.6428296566, 2.5, 0, 2.5, 0
2918.45483398, 3842.39013672, 52.1298866272, -1.64294028282, 2.5, 0, 2.5, 0
2918.3293457, 3840.64770508, 52.1366462708, -1.64346957207, 2.5, 0, 2.5, 0
2918.20239258, 3838.88891602, 52.1436080933, -1.64420151711, 2.5, 0, 2.5, 0
2918.07348633, 3837.11474609, 52.1505126953, -1.64482474327, 2.5, 0, 2.5, 0
2917.94311523, 3835.32470703, 52.1572341919, -1.64520287514, 2.5, 0, 2.5, 0
2917.81079102, 3833.52075195, 52.1640396118, -1.64533734322, 2.5, 0, 2.5, 0
2917.67651367, 3831.70117188, 52.1705818176, -1.6454064846, 2.5, 0, 2.5, 0
2917.54101562, 3829.86938477, 52.1759185791, -1.64543938637, 2.5, 0, 2.5, 0
2917.40625, 3828.05004883, 52.1819229126, -1.64544177055, 2.5, 0, 2.5, 0
2917.27197266, 3826.24487305, 52.1881446838, -1.64543843269, 2.5, 0, 2.5, 0
2917.13330078, 3824.45776367, 52.1942214966, -1.64852976799, 2.5, 0, 2.5, 0
2916.96948242, 3822.69165039, 52.1998825073, -1.6661798954, 2.5, 0, 2.5, 0
2916.7800293, 3820.94555664, 52.2053642273, -1.6931579113, 2.5, 0, 2.5, 0
2916.56811523, 3819.22021484, 52.2105560303, -1.71993851662, 2.5, 0, 2.5, 0
2916.33276367, 3817.51464844, 52.2154541016, -1.7413175106, 2.5, 0, 2.5, 0
2916.07592773, 3815.828125, 52.2203598022, -1.75569367409, 2.5, 0, 2.5, 0
2915.80102539, 3814.16162109, 52.2251243591, -1.7637193203, 2.5, 0, 2.5, 0
2915.51025391, 3812.50976562, 52.2299232483, -1.76713395119, 2.5, 0, 2.5, 0
2915.20385742, 3810.84790039, 52.2350234985, -1.76765179634, 2.5, 0, 2.5, 0
2914.88500977, 3809.1730957, 52.2400474548, -1.76671433449, 2.5, 0, 2.5, 0
2914.55761719, 3807.48510742, 52.2448616028, -1.76545977592, 2.5, 0, 2.5, 0
2914.22485352, 3805.78295898, 52.2493247986, -1.76445841789, 2.5, 0, 2.5, 0
2913.88769531, 3804.06591797, 52.253578186, -1.76397681236, 2.5, 0, 2.5, 0
2913.54736328, 3802.33325195, 52.2565612793, -1.76370167732, 2.5, 0, 2.5, 0
2913.20385742, 3800.58447266, 52.2601928711, -1.76358532906, 2.5, 0, 2.5, 0
2912.85839844, 3798.82177734, 52.2638435364, -1.76359438896, 2.5, 0, 2.5, 0
2912.51025391, 3797.04370117, 52.2671432495, -1.76357102394, 2.5, 0, 2.5, 0
2912.16015625, 3795.25097656, 52.2700576782, -1.76346850395, 2.5, 0, 2.5, 0
2911.80688477, 3793.44140625, 52.2729377747, -1.76335263252, 2.5, 0, 2.5, 0
2911.45239258, 3791.62231445, 52.2758903503, -1.76325440407, 2.5, 0, 2.5, 0
2911.0949707, 3789.7878418, 52.2783584595, -1.76309704781, 2.5, 0, 2.5, 0
2910.73486328, 3787.9375, 52.2806854248, -1.76290440559, 2.5, 0, 2.5, 0
2910.37231445, 3786.07397461, 52.2827301025, -1.76271653175, 2.5, 0, 2.5, 0
2910.00732422, 3784.19555664, 52.2844352722, -1.76255393028, 2.5, 0, 2.5, 0
2909.6418457, 3782.31225586, 52.2858810425, -1.76244282722, 2.5, 0, 2.5, 0
2909.28100586, 3780.45166016, 52.2872428894, -1.76237225533, 2.5, 0, 2.5, 0
2908.92285156, 3778.60449219, 52.2884941101, -1.76232790947, 2.5, 0, 2.5, 0
2908.56835938, 3776.77368164, 52.2895240784, -1.76229786873, 2.5, 0, 2.5, 0
2908.21728516, 3774.9597168, 52.2891159058, -1.76227831841, 2.5, 0, 2.5, 0
2907.86914062, 3773.16162109, 52.2860336304, -1.76226782799, 2.5, 0, 2.5, 0
2907.52441406, 3771.37915039, 52.2803077698, -1.76225972176, 2.5, 0, 2.5, 0
2907.18286133, 3769.61181641, 52.2739448547, -1.7622358799, 2.5, 0, 2.5, 0
2906.8425293, 3767.86157227, 52.2696113586, -1.76351428032, 2.5, 0, 2.5, 0
2906.48339844, 3766.13427734, 52.2672691345, -1.77755045891, 2.5, 0, 2.5, 0
2906.09472656, 3764.43237305, 52.2663421631, -1.80673384666, 2.5, 0, 2.5, 0
2905.68017578, 3762.75439453, 52.2663764954, -1.83957743645, 2.5, 0, 2.5, 0
2905.24047852, 3761.10083008, 52.2666664124, -1.86783623695, 2.5, 0, 2.5, 0
2904.77709961, 3759.47094727, 52.2670974731, -1.88815426826, 2.5, 0, 2.5, 0
2904.28930664, 3757.85424805, 52.2678222656, -1.9004342556, 2.5, 0, 2.5, 0
2903.7746582, 3756.23071289, 52.2691574097, -1.90602946281, 2.5, 0, 2.5, 0
2903.23852539, 3754.60009766, 52.2703552246, -1.90717387199, 2.5, 0, 2.5, 0
2902.68530273, 3752.95825195, 52.2712860107, -1.90610861778, 2.5, 0, 2.5, 0
2902.12011719, 3751.30541992, 52.2720909119, -1.90453743935, 2.5, 0, 2.5, 0
2901.54541016, 3749.63769531, 52.2729301453, -1.90330767632, 2.5, 0, 2.5, 0
2900.96411133, 3747.95654297, 52.2737312317, -1.90273928642, 2.5, 0, 2.5, 0
2900.37695312, 3746.26025391, 52.2744178772, -1.90275025368, 2.5, 0, 2.5, 0
2899.78637695, 3744.55395508, 52.2750968933, -1.9031021595, 2.5, 0, 2.5, 0
2899.19018555, 3742.83081055, 52.2756690979, -1.9035923481, 2.5, 0, 2.5, 0
2898.58789062, 3741.09179688, 52.2757339478, -1.90395617485, 2.5, 0, 2.5, 0
2897.98193359, 3739.3425293, 52.2754364014, -1.90458083153, 2.5, 0, 2.5, 0
2897.36962891, 3737.57568359, 52.2751426697, -1.90530800819, 2.5, 0, 2.5, 0
2896.75097656, 3735.79272461, 52.2748374939, -1.90598940849, 2.5, 0, 2.5, 0
2896.12695312, 3733.99755859, 52.2746391296, -1.90656495094, 2.5, 0, 2.5, 0
2895.49682617, 3732.1887207, 52.2744750977, -1.90701603889, 2.5, 0, 2.5, 0
2894.86962891, 3730.36132812, 52.2744140625, -1.90189814568, 2.5, 0, 2.5, 0
2894.2644043, 3728.51879883, 52.274433136, -1.88315033913, 2.5, 0, 2.5, 0
2893.67871094, 3726.65454102, 52.274520874, -1.85848450661, 2.5, 0, 2.5, 0
2893.11450195, 3724.77026367, 52.2745857239, -1.83572745323, 2.5, 0, 2.5, 0
2892.57324219, 3722.8659668, 52.2744789124, -1.81877541542, 2.5, 0, 2.5, 0
2892.0534668, 3720.94360352, 52.2742652893, -1.80832219124, 2.5, 0, 2.5, 0
2891.55175781, 3719.00561523, 52.2740287781, -1.80318713188, 2.5, 0, 2.5, 0
2891.06323242, 3717.05126953, 52.273891449, -1.80150103569, 2.5, 0, 2.5, 0
2890.58325195, 3715.08203125, 52.2738380432, -1.80151152611, 2.5, 0, 2.5, 0
2890.10839844, 3713.10107422, 52.2738456726, -1.80199217796, 2.5, 0, 2.5, 0
2889.63525391, 3711.10717773, 52.2738456726, -1.80234980583, 2.5, 0, 2.5, 0
2889.16162109, 3709.10131836, 52.2738609314, -1.80233883858, 2.5, 0, 2.5, 0
2888.6875, 3707.08666992, 52.2738342285, -1.8020427227, 2.5, 0, 2.5, 0
2888.2109375, 3705.05859375, 52.2738113403, -1.80163693428, 2.5, 0, 2.5, 0
2887.73291016, 3703.02270508, 52.2738113403, -1.8013522625, 2.5, 0, 2.5, 0
2887.25219727, 3700.9753418, 52.2737693787, -1.80127358437, 2.5, 0, 2.5, 0
2886.76977539, 3698.91870117, 52.2737007141, -1.80129647255, 2.5, 0, 2.5, 0
2886.28515625, 3696.85302734, 52.2735366821, -1.80136799812, 2.5, 0, 2.5, 0
2885.79760742, 3694.77685547, 52.2733840942, -1.80145812035, 2.5, 0, 2.5, 0
2885.30834961, 3692.69287109, 52.2732505798, -1.80154633522, 2.5, 0, 2.5, 0
2884.81640625, 3690.59985352, 52.2731018066, -1.80162835121, 2.5, 0, 2.5, 0
2884.32275391, 3688.49804688, 52.2730369568, -1.80169892311, 2.5, 0, 2.5, 0
2883.8269043, 3686.38818359, 52.2730140686, -1.80175423622, 2.5, 0, 2.5, 0
2883.32885742, 3684.26953125, 52.2730712891, -1.80180001259, 2.5, 0, 2.5, 0
2882.82910156, 3682.14306641, 52.2731437683, -1.80183720589, 2.5, 0, 2.5, 0
2882.33105469, 3680.0246582, 52.2732124329, -1.80185961723, 2.5, 0, 2.5, 0
2881.83691406, 3677.92407227, 52.2733039856, -1.801892519, 2.5, 0, 2.5, 0
2881.34643555, 3675.83911133, 52.2732086182, -1.80185675621, 2.5, 0, 2.5, 0
2880.86083984, 3673.77392578, 52.2729263306, -1.80161499977, 2.5, 0, 2.5, 0
2880.37915039, 3671.72338867, 52.2722511292, -1.80144619942, 2.5, 0, 2.5, 0
2879.90283203, 3669.69238281, 52.2715377808, -1.80133748055, 2.5, 0, 2.5, 0
2879.43041992, 3667.67797852, 52.2709350586, -1.80126738548, 2.5, 0, 2.5, 0
2878.9621582, 3665.67919922, 52.2703514099, -1.80122494698, 2.5, 0, 2.5, 0
2878.49804688, 3663.69848633, 52.2697639465, -1.80119967461, 2.5, 0, 2.5, 0
2878.03759766, 3661.73291016, 52.2692222595, -1.80118727684, 2.5, 0, 2.5, 0
2877.58129883, 3659.78564453, 52.2686424255, -1.80118298531, 2.5, 0, 2.5, 0
2877.12939453, 3657.85522461, 52.2681503296, -1.80118441582, 2.5, 0, 2.5, 0
2876.68115234, 3655.94116211, 52.2676582336, -1.80118966103, 2.5, 0, 2.5, 0
2876.23681641, 3654.04345703, 52.2669296265, -1.80119919777, 2.5, 0, 2.5, 0
2875.79614258, 3652.16162109, 52.2654571533, -1.80121159554, 2.5, 0, 2.5, 0
2875.359375, 3650.29589844, 52.2632064819, -1.801227808, 2.5, 0, 2.5, 0
2874.92651367, 3648.44799805, 52.2606964111, -1.80124497414, 2.5, 0, 2.5, 0
2874.49658203, 3646.61279297, 52.2582435608, -1.80126309395, 2.5, 0, 2.5, 0
2874.0715332, 3644.79956055, 52.2560272217, -1.80123639107, 2.5, 0, 2.5, 0
2873.65014648, 3643.00073242, 52.2536315918, -1.80118393898, 2.5, 0, 2.5, 0
2873.23193359, 3641.21606445, 52.2514152527, -1.80116009712, 2.5, 0, 2.5, 0
2872.81811523, 3639.44970703, 52.2493057251, -1.80115485191, 2.5, 0, 2.5, 0
2872.42041016, 3637.7512207, 52.2468948364, -1.80105519295, 2.5, 0, 2.5, 0
2872.04443359, 3636.14526367, 52.244052887, -1.8007953167, 2.5, 0, 2.5, 0
2871.69067383, 3634.63354492, 52.2415313721, -1.80083870888, 2.5, 0, 2.5, 0
2871.35986328, 3633.21899414, 52.2403869629, -1.80076098442, 2.5, 0, 2.5, 0
2871.05151367, 3631.89916992, 52.2399139404, -1.80066227913, 2.5, 0, 2.5, 0
2870.76074219, 3630.65136719, 52.2399253845, -1.8002808094, 2.5, 0, 2.5, 0
2870.47265625, 3629.41357422, 52.2390594482, -1.80003714561, 2.5, 0, 2.5, 0
2870.1875, 3628.18847656, 52.2373542786, -1.79994273186, 2.5, 0, 2.5, 0
2869.90576172, 3626.97827148, 52.2361183167, -1.799898386, 2.5, 0, 2.5, 0
2869.62768555, 3625.78173828, 52.2351455688, -1.7998855114, 2.5, 0, 2.5, 0
2869.3527832, 3624.59912109, 52.2338752747, -1.79989218712, 2.5, 0, 2.5, 0
2869.07788086, 3623.41674805, 52.2325172424, -1.79985499382, 2.5, 0, 2.5, 0
2868.79833984, 3622.21142578, 52.2313232422, -1.79962563515, 2.5, 0, 2.5, 0
2868.51318359, 3620.98242188, 52.23595047, -1.79943919182, 2.5, 0, 2.5, 0
2868.22241211, 3619.72802734, 52.2428894043, -1.79919600487, 2.5, 0, 2.5, 0
2867.92578125, 3618.44750977, 52.256149292, -1.79856038094, 2.5, 0, 2.5, 0
2867.62402344, 3617.140625, 52.274055481, -1.79784321785, 2.5, 0, 2.5, 0
2867.31689453, 3615.80883789, 52.2929916382, -1.79759764671, 2.5, 0, 2.5, 0
2866.99047852, 3614.45874023, 52.3120002747, -1.80614113808, 2.5, 0, 2.5, 0
2866.64355469, 3613.09106445, 52.3317756653, -1.82260203362, 2.5, 0, 2.5, 0
2866.27734375, 3611.70458984, 52.3522834778, -1.84005427361, 2.5, 0, 2.5, 0
2865.89233398, 3610.30004883, 52.37241745, -1.85452866554, 2.5, 0, 2.5, 0
2865.48925781, 3608.87866211, 52.3929748535, -1.86453604698, 2.5, 0, 2.5, 0
2865.06933594, 3607.44042969, 52.4136543274, -1.87027192116, 2.5, 0, 2.5, 0
2864.63525391, 3605.98681641, 52.4349784851, -1.87278056145, 2.5, 0, 2.5, 0
2864.1875, 3604.51147461, 52.4566268921, -1.87203097343, 2.5, 0, 2.5, 0
2863.72900391, 3603.01196289, 52.4794769287, -1.86928772926, 2.5, 0, 2.5, 0
2863.25756836, 3601.4921875, 52.5032730103, -1.86937689781, 2.5, 0, 2.5, 0
2862.75756836, 3599.96289062, 52.5282440186, -1.88445925713, 2.5, 0, 2.5, 0
2862.22949219, 3598.42700195, 52.5540313721, -1.90954470634, 2.5, 0, 2.5, 0
2861.68261719, 3596.90185547, 52.5796585083, -1.93533158302, 2.5, 0, 2.5, 0
2861.12207031, 3595.39990234, 52.6052322388, -1.95674681664, 2.5, 0, 2.5, 0
2860.54785156, 3593.92016602, 52.6309165955, -1.97189593315, 2.5, 0, 2.5, 0
2859.95166016, 3592.43945312, 52.6567459106, -1.98063540459, 2.5, 0, 2.5, 0
2859.33520508, 3590.95117188, 52.6837005615, -1.98450493813, 2.5, 0, 2.5, 0
2858.70043945, 3589.453125, 52.7118835449, -1.98523020744, 2.5, 0, 2.5, 0
2858.05200195, 3587.94482422, 52.7405357361, -1.98447394371, 2.5, 0, 2.5, 0
2857.39282227, 3586.42431641, 52.7696380615, -1.98337388039, 2.5, 0, 2.5, 0
2856.7253418, 3584.89013672, 52.7981071472, -1.98224425316, 2.5, 0, 2.5, 0
2856.05151367, 3583.34423828, 52.8267440796, -1.98143744469, 2.5, 0, 2.5, 0
2855.37109375, 3581.78393555, 52.8553771973, -1.9810526371, 2.5, 0, 2.5, 0
2854.68408203, 3580.20922852, 52.884475708, -1.9809653759, 2.5, 0, 2.5, 0
2853.99194336, 3578.62255859, 52.9142608643, -1.981082201, 2.5, 0, 2.5, 0
2853.30517578, 3577.04711914, 52.9439048767, -1.98135828972, 2.5, 0, 2.5, 0
2852.62524414, 3575.48706055, 52.9733657837, -1.98157477379, 2.5, 0, 2.5, 0
2851.9519043, 3573.94165039, 53.0026550293, -1.98170781136, 2.5, 0, 2.5, 0
2851.28710938, 3572.41015625, 53.0316581726, -1.98039126396, 2.5, 0, 2.5, 0
2850.65234375, 3570.88671875, 53.0601425171, -1.96546912193, 2.5, 0, 2.5, 0
2850.0625, 3569.36645508, 53.0880012512, -1.93185114861, 2.5, 0, 2.5, 0
2849.51196289, 3567.85205078, 53.1156806946, -1.89202857018, 2.5, 0, 2.5, 0
2848.99926758, 3566.34228516, 53.1429672241, -1.8566172123, 2.5, 0, 2.5, 0
2848.52319336, 3564.83959961, 53.1696891785, -1.83034491539, 2.5, 0, 2.5, 0
2848.08129883, 3563.34399414, 53.1958198547, -1.81372618675, 2.5, 0, 2.5, 0
2847.66845703, 3561.85742188, 53.2215652466, -1.80504155159, 2.5, 0, 2.5, 0
2847.2800293, 3560.38256836, 53.2469367981, -1.80162453651, 2.5, 0, 2.5, 0
2846.91064453, 3558.91943359, 53.2720565796, -1.80115103722, 2.5, 0, 2.5, 0
2846.55541992, 3557.46850586, 53.296875, -1.80179429054, 2.5, 0, 2.5, 0
2846.21069336, 3556.03198242, 53.3213539124, -1.80251336098, 2.5, 0, 2.5, 0
2845.87084961, 3554.61083984, 53.3454246521, -1.80442786217, 2.5, 0, 2.5, 0
2845.51220703, 3553.21166992, 53.3690071106, -1.82031941414, 2.5, 0, 2.5, 0
2845.12670898, 3551.84228516, 53.3919258118, -1.85230278969, 2.5, 0, 2.5, 0
2844.71875, 3550.49462891, 53.4153137207, -1.88809323311, 2.5, 0, 2.5, 0
2844.29125977, 3549.1706543, 53.4387779236, -1.91885066032, 2.5, 0, 2.5, 0
2843.84643555, 3547.87133789, 53.4622459412, -1.94111323357, 2.5, 0, 2.5, 0
2843.38598633, 3546.59375, 53.4855308533, -1.95491814613, 2.5, 0, 2.5, 0
2842.91357422, 3545.3371582, 53.5087432861, -1.96195530891, 2.5, 0, 2.5, 0
2842.43334961, 3544.10131836, 53.5318946838, -1.96445918083, 2.5, 0, 2.5, 0
2841.94921875, 3542.8840332, 53.5551071167, -1.96447110176, 2.5, 0, 2.5, 0
2841.46459961, 3541.68334961, 53.5779953003, -1.96352934837, 2.5, 0, 2.5, 0
2840.98144531, 3540.49853516, 53.6005020142, -1.96246504784, 2.5, 0, 2.5, 0
2840.50219727, 3539.32836914, 53.6226882935, -1.96168255806, 2.5, 0, 2.5, 0
2840.02807617, 3538.17260742, 53.6445007324, -1.96116137505, 2.5, 0, 2.5, 0
2839.55957031, 3537.03100586, 53.6659965515, -1.96085572243, 2.5, 0, 2.5, 0
2839.09692383, 3535.90429688, 53.6871986389, -1.96070742607, 2.5, 0, 2.5, 0
2838.64038086, 3534.79125977, 53.7080039978, -1.96063828468, 2.5, 0, 2.5, 0
2838.18969727, 3533.69189453, 53.7285614014, -1.96060729027, 2.5, 0, 2.5, 0
2837.74487305, 3532.60693359, 53.7488670349, -1.96059918404, 2.5, 0, 2.5, 0
2837.3059082, 3531.53564453, 53.7689056396, -1.96060585976, 2.5, 0, 2.5, 0
2836.87280273, 3530.47753906, 53.788860321, -1.96034216881, 2.5, 0, 2.5, 0
